GKA,GKA_20200102
MAG,MAG_20200102
HGU,HGU_20200102
LAE,LAE_20200102
POM,POM_20200102
WWK,WWK_20200102
UAK,UAK_20200102
GOH,GOH_20200102
SFJ,SFJ_20200102
THU,THU_20200102
AEY,AEY_20200102
EGS,EGS_20200102
HFN,HFN_20200102
HZK,HZK_20200102
IFJ,IFJ_20200102
KEF,KEF_20200102
PFJ,PFJ_20200102
RKV,RKV_20200102
SIJ,SIJ_20200102
VEY,VEY_20200102
YAM,YAM_20200102
YAZ,YAZ_20200102
YBB,YBB_20200102
YBC,YBC_20200102
YBG,YBG_20200102
YBK,YBK_20200102
YBL,YBL_20200102
YBR,YBR_20200102
YCB,YCB_20200102
YCD,YCD_20200102
YCG,YCG_20200102
YCH,YCH_20200102
YCL,YCL_20200102
YCO,YCO_20200102
YCT,YCT_20200102
YCW,YCW_20200102
YCY,YCY_20200102
YZS,YZS_20200102
YDA,YDA_20200102
YDB,YDB_20200102
YDL,YDL_20200102
YDN,YDN_20200102
YDQ,YDQ_20200102
YEG,YEG_20200102
YEK,YEK_20200102
YEN,YEN_20200102
YET,YET_20200102
YEU,YEU_20200102
YEV,YEV_20200102
YFB,YFB_20200102
YFC,YFC_20200102
YFE,YFE_20200102
YFO,YFO_20200102
YFR,YFR_20200102
YFS,YFS_20200102
YGK,YGK_20200102
YGL,YGL_20200102
YGP,YGP_20200102
YGQ,YGQ_20200102
YGR,YGR_20200102
YHB,YHB_20200102
YHD,YHD_20200102
YHI,YHI_20200102
YHK,YHK_20200102
YHM,YHM_20200102
YHU,YHU_20200102
YHY,YHY_20200102
YHZ,YHZ_20200102
YIB,YIB_20200102
YIO,YIO_20200102
YJN,YJN_20200102
YKA,YKA_20200102
YKF,YKF_20200102
YKL,YKL_20200102
YKY,YKY_20200102
YKZ,YKZ_20200102
YLD,YLD_20200102
YLJ,YLJ_20200102
YLL,YLL_20200102
YLT,YLT_20200102
YLW,YLW_20200102
YMA,YMA_20200102
YMJ,YMJ_20200102
YMM,YMM_20200102
YMO,YMO_20200102
YMW,YMW_20200102
YMX,YMX_20200102
YNA,YNA_20200102
YND,YND_20200102
YNM,YNM_20200102
YOC,YOC_20200102
YOD,YOD_20200102
YOJ,YOJ_20200102
YOW,YOW_20200102
YPA,YPA_20200102
YPE,YPE_20200102
YPG,YPG_20200102
YPL,YPL_20200102
YPN,YPN_20200102
YPQ,YPQ_20200102
YPR,YPR_20200102
YPY,YPY_20200102
YQA,YQA_20200102
YQB,YQB_20200102
YQF,YQF_20200102
YQG,YQG_20200102
YQH,YQH_20200102
YQK,YQK_20200102
YQL,YQL_20200102
YQM,YQM_20200102
YQQ,YQQ_20200102
YQR,YQR_20200102
YQT,YQT_20200102
YQU,YQU_20200102
YQV,YQV_20200102
YQW,YQW_20200102
YQY,YQY_20200102
YQZ,YQZ_20200102
YRB,YRB_20200102
YRI,YRI_20200102
YRJ,YRJ_20200102
YRM,YRM_20200102
YRT,YRT_20200102
YSB,YSB_20200102
YSC,YSC_20200102
YSJ,YSJ_20200102
YSM,YSM_20200102
YSR,YSR_20200102
YSU,YSU_20200102
YSY,YSY_20200102
YTE,YTE_20200102
YTH,YTH_20200102
YTR,YTR_20200102
YTS,YTS_20200102
YTZ,YTZ_20200102
YUB,YUB_20200102
YUL,YUL_20200102
YUT,YUT_20200102
YUX,YUX_20200102
YUY,YUY_20200102
YVC,YVC_20200102
YVG,YVG_20200102
YVM,YVM_20200102
YVO,YVO_20200102
YVP,YVP_20200102
YVQ,YVQ_20200102
YVR,YVR_20200102
YVT,YVT_20200102
YVV,YVV_20200102
YWA,YWA_20200102
YWG,YWG_20200102
YWK,YWK_20200102
YWL,YWL_20200102
YWY,YWY_20200102
YXC,YXC_20200102
YXD,YXD_20200102
YXE,YXE_20200102
YXH,YXH_20200102
YXJ,YXJ_20200102
YXL,YXL_20200102
YXP,YXP_20200102
YXR,YXR_20200102
YXS,YXS_20200102
YXT,YXT_20200102
YXU,YXU_20200102
YXX,YXX_20200102
YXY,YXY_20200102
YYB,YYB_20200102
YYC,YYC_20200102
YYD,YYD_20200102
YYE,YYE_20200102
YYF,YYF_20200102
YYG,YYG_20200102
YYH,YYH_20200102
YYJ,YYJ_20200102
YYL,YYL_20200102
YYN,YYN_20200102
YYQ,YYQ_20200102
YYR,YYR_20200102
YYU,YYU_20200102
YYW,YYW_20200102
YYY,YYY_20200102
YYZ,YYZ_20200102
YZD,YZD_20200102
YZE,YZE_20200102
YZF,YZF_20200102
YZH,YZH_20200102
YZP,YZP_20200102
YZR,YZR_20200102
YZT,YZT_20200102
YZU,YZU_20200102
YZV,YZV_20200102
YZW,YZW_20200102
YZX,YZX_20200102
ZFA,ZFA_20200102
ZFM,ZFM_20200102
QLD,QLD_20200102
BUJ,BUJ_20200102
BJA,BJA_20200102
ALG,ALG_20200102
DJG,DJG_20200102
VVZ,VVZ_20200102
TMR,TMR_20200102
GJL,GJL_20200102
MZW,MZW_20200102
AAE,AAE_20200102
CZL,CZL_20200102
TEE,TEE_20200102
HRM,HRM_20200102
TID,TID_20200102
TIN,TIN_20200102
CFK,CFK_20200102
TAF,TAF_20200102
TLM,TLM_20200102
ORN,ORN_20200102
BFW,BFW_20200102
MUW,MUW_20200102
AZR,AZR_20200102
BSK,BSK_20200102
ELG,ELG_20200102
GHA,GHA_20200102
HME,HME_20200102
INZ,INZ_20200102
TGR,TGR_20200102
LOO,LOO_20200102
TMX,TMX_20200102
OGX,OGX_20200102
IAM,IAM_20200102
COO,COO_20200102
OUA,OUA_20200102
BOY,BOY_20200102
ACC,ACC_20200102
TML,TML_20200102
NYI,NYI_20200102
TKD,TKD_20200102
ABJ,ABJ_20200102
BYK,BYK_20200102
DJO,DJO_20200102
HGO,HGO_20200102
MJC,MJC_20200102
SPY,SPY_20200102
ASK,ASK_20200102
ABV,ABV_20200102
AKR,AKR_20200102
BNI,BNI_20200102
CBQ,CBQ_20200102
ENU,ENU_20200102
IBA,IBA_20200102
ILR,ILR_20200102
JOS,JOS_20200102
KAD,KAD_20200102
KAN,KAN_20200102
MIU,MIU_20200102
MDI,MDI_20200102
LOS,LOS_20200102
MXJ,MXJ_20200102
PHC,PHC_20200102
SKO,SKO_20200102
YOL,YOL_20200102
ZAR,ZAR_20200102
MFQ,MFQ_20200102
NIM,NIM_20200102
THZ,THZ_20200102
AJY,AJY_20200102
ZND,ZND_20200102
MIR,MIR_20200102
TUN,TUN_20200102
GAF,GAF_20200102
GAE,GAE_20200102
DJE,DJE_20200102
EBM,EBM_20200102
SFA,SFA_20200102
TOE,TOE_20200102
LRL,LRL_20200102
LFW,LFW_20200102
ANR,ANR_20200102
BRU,BRU_20200102
CRL,CRL_20200102
KJK,KJK_20200102
LGG,LGG_20200102
OST,OST_20200102
OBL,OBL_20200102
AOC,AOC_20200102
IES,IES_20200102
REB,REB_20200102
QXH,QXH_20200102
BBH,BBH_20200102
ZMG,ZMG_20200102
CBU,CBU_20200102
SXF,SXF_20200102
DRS,DRS_20200102
ERF,ERF_20200102
FRA,FRA_20200102
FMO,FMO_20200102
HAM,HAM_20200102
THF,THF_20200102
CGN,CGN_20200102
DUS,DUS_20200102
MUC,MUC_20200102
NUE,NUE_20200102
LEJ,LEJ_20200102
SCN,SCN_20200102
STR,STR_20200102
TXL,TXL_20200102
HAJ,HAJ_20200102
BRE,BRE_20200102
QEF,QEF_20200102
HHN,HHN_20200102
MHG,MHG_20200102
EIB,EIB_20200102
SGE,SGE_20200102
XFW,XFW_20200102
KEL,KEL_20200102
LBC,LBC_20200102
ESS,ESS_20200102
BFE,BFE_20200102
MGL,MGL_20200102
PAD,PAD_20200102
dayM,dayM_20200102
AGB,AGB_20200102
OBF,OBF_20200102
RBM,RBM_20200102
FDH,FDH_20200102
SZW,SZW_20200102
BYU,BYU_20200102
URD,URD_20200102
HOQ,HOQ_20200102
ZQW,ZQW_20200102
ZQL,ZQL_20200102
BWE,BWE_20200102
KSF,KSF_20200102
BRV,BRV_20200102
EME,EME_20200102
WVN,WVN_20200102
BMK,BMK_20200102
NRD,NRD_20200102
FLF,FLF_20200102
GWT,GWT_20200102
KDL,KDL_20200102
URE,URE_20200102
EPU,EPU_20200102
TLL,TLL_20200102
TAY,TAY_20200102
ENF,ENF_20200102
KEV,KEV_20200102
HEM,HEM_20200102
HEL,HEL_20200102
HYV,HYV_20200102
KTQ,KTQ_20200102
IVL,IVL_20200102
JOE,JOE_20200102
JYV,JYV_20200102
KAU,KAU_20200102
KEM,KEM_20200102
KAJ,KAJ_20200102
KHJ,KHJ_20200102
KOK,KOK_20200102
KAO,KAO_20200102
KTT,KTT_20200102
KUO,KUO_20200102
QLF,QLF_20200102
LPP,LPP_20200102
MHQ,MHQ_20200102
MIK,MIK_20200102
OUL,OUL_20200102
POR,POR_20200102
RVN,RVN_20200102
SVL,SVL_20200102
SOT,SOT_20200102
TMP,TMP_20200102
TKU,TKU_20200102
UTI,UTI_20200102
VAA,VAA_20200102
VRK,VRK_20200102
YLI,YLI_20200102
BFS,BFS_20200102
ENK,ENK_20200102
BHD,BHD_20200102
LDY,LDY_20200102
BHX,BHX_20200102
CVT,CVT_20200102
GLO,GLO_20200102
GBA,GBA_20200102
MAN,MAN_20200102
NQY,NQY_20200102
LYE,LYE_20200102
YEO,YEO_20200102
HAW,HAW_20200102
CWL,CWL_20200102
SWS,SWS_20200102
BRS,BRS_20200102
LPL,LPL_20200102
LTN,LTN_20200102
PLH,PLH_20200102
BOH,BOH_20200102
SOU,SOU_20200102
QLA,QLA_20200102
ACI,ACI_20200102
GCI,GCI_20200102
JER,JER_20200102
ESH,ESH_20200102
BQH,BQH_20200102
LGW,LGW_20200102
LCY,LCY_20200102
FAB,FAB_20200102
BBS,BBS_20200102
LHR,LHR_20200102
SEN,SEN_20200102
LYX,LYX_20200102
MSE,MSE_20200102
CAX,CAX_20200102
BLK,BLK_20200102
HUY,HUY_20200102
BWF,BWF_20200102
LBA,LBA_20200102
WRT,WRT_20200102
CEG,CEG_20200102
IOM,IOM_20200102
NCL,NCL_20200102
MME,MME_20200102
EMA,EMA_20200102
KOI,KOI_20200102
LSI,LSI_20200102
WIC,WIC_20200102
ABZ,ABZ_20200102
INV,INV_20200102
GLA,GLA_20200102
EDI,EDI_20200102
ILY,ILY_20200102
PIK,PIK_20200102
BEB,BEB_20200102
SCS,SCS_20200102
DND,DND_20200102
SYY,SYY_20200102
TRE,TRE_20200102
ADX,ADX_20200102
LMO,LMO_20200102
CBG,CBG_20200102
NWI,NWI_20200102
STN,STN_20200102
EXT,EXT_20200102
FZO,FZO_20200102
OXF,OXF_20200102
BEX,BEX_20200102
LKZ,LKZ_20200102
MHZ,MHZ_20200102
QUY,QUY_20200102
FFD,FFD_20200102
BZZ,BZZ_20200102
ODH,ODH_20200102
NHT,NHT_20200102
QCY,QCY_20200102
BEQ,BEQ_20200102
SQZ,SQZ_20200102
HRT,HRT_20200102
WTN,WTN_20200102
KNF,KNF_20200102
MPN,MPN_20200102
AMS,AMS_20200102
MST,MST_20200102
EIN,EIN_20200102
GRQ,GRQ_20200102
GLZ,GLZ_20200102
DHR,DHR_20200102
LEY,LEY_20200102
LWR,LWR_20200102
RTM,RTM_20200102
UTC,UTC_20200102
ENS,ENS_20200102
LID,LID_20200102
WOE,WOE_20200102
ORK,ORK_20200102
GWY,GWY_20200102
DUB,DUB_20200102
NOC,NOC_20200102
KIR,KIR_20200102
SNN,SNN_20200102
SXL,SXL_20200102
WAT,WAT_20200102
AAR,AAR_20200102
BLL,BLL_20200102
CPH,CPH_20200102
EBJ,EBJ_20200102
KRP,KRP_20200102
BYR,BYR_20200102
MRW,MRW_20200102
ODE,ODE_20200102
RKE,RKE_20200102
RNN,RNN_20200102
SGD,SGD_20200102
SKS,SKS_20200102
SQW,SQW_20200102
TED,TED_20200102
FAE,FAE_20200102
STA,STA_20200102
AAL,AAL_20200102
LUX,LUX_20200102
AES,AES_20200102
ANX,ANX_20200102
ALF,ALF_20200102
BNN,BNN_20200102
BOO,BOO_20200102
BGO,BGO_20200102
BJF,BJF_20200102
KRS,KRS_20200102
DLD,DLD_20200102
BDU,BDU_20200102
VDB,VDB_20200102
FRO,FRO_20200102
OSL,OSL_20200102
HAU,HAU_20200102
HAA,HAA_20200102
KSU,KSU_20200102
KKN,KKN_20200102
FAN,FAN_20200102
MOL,MOL_20200102
MJF,MJF_20200102
LKL,LKL_20200102
NTB,NTB_20200102
OLA,OLA_20200102
RRS,RRS_20200102
SKE,SKE_20200102
SRP,SRP_20200102
SSJ,SSJ_20200102
TRD,TRD_20200102
SVG,SVG_20200102
GDN,GDN_20200102
KRK,KRK_20200102
KTW,KTW_20200102
POZ,POZ_20200102
RZE,RZE_20200102
SZZ,SZZ_20200102
OSP,OSP_20200102
WAW,WAW_20200102
WRO,WRO_20200102
IEG,IEG_20200102
RNB,RNB_20200102
GOT,GOT_20200102
JKG,JKG_20200102
LDK,LDK_20200102
GSE,GSE_20200102
KVB,KVB_20200102
THN,THN_20200102
KSK,KSK_20200102
MXX,MXX_20200102
NYO,NYO_20200102
KID,KID_20200102
OSK,OSK_20200102
KLR,KLR_20200102
MMX,MMX_20200102
HAD,HAD_20200102
VXO,VXO_20200102
EVG,EVG_20200102
GEV,GEV_20200102
HUV,HUV_20200102
KRF,KRF_20200102
LYC,LYC_20200102
SDL,SDL_20200102
OER,OER_20200102
KRN,KRN_20200102
SFT,SFT_20200102
UME,UME_20200102
VHM,VHM_20200102
AJR,AJR_20200102
ORB,ORB_20200102
VST,VST_20200102
LLA,LLA_20200102
ARN,ARN_20200102
BMA,BMA_20200102
BLE,BLE_20200102
HLF,HLF_20200102
GVX,GVX_20200102
LPI,LPI_20200102
NRK,NRK_20200102
EKT,EKT_20200102
VBY,VBY_20200102
SPM,SPM_20200102
RMS,RMS_20200102
GHF,GHF_20200102
ZCN,ZCN_20200102
FRZ,FRZ_20200102
ZNF,ZNF_20200102
KZG,KZG_20200102
FCN,FCN_20200102
GKE,GKE_20200102
RLG,RLG_20200102
WBG,WBG_20200102
WIE,WIE_20200102
FEL,FEL_20200102
IGS,IGS_20200102
GUT,GUT_20200102
ALJ,ALJ_20200102
AGZ,AGZ_20200102
BIY,BIY_20200102
BFN,BFN_20200102
CPT,CPT_20200102
DUR,DUR_20200102
ELS,ELS_20200102
FCB,FCB_20200102
GCJ,GCJ_20200102
GRJ,GRJ_20200102
HRS,HRS_20200102
HDS,HDS_20200102
JNB,JNB_20200102
KXE,KXE_20200102
KIM,KIM_20200102
KMH,KMH_20200102
KLZ,KLZ_20200102
HLA,HLA_20200102
SDB,SDB_20200102
LAY,LAY_20200102
MGH,MGH_20200102
LLE,LLE_20200102
MZQ,MZQ_20200102
NCS,NCS_20200102
OVG,OVG_20200102
OUH,OUH_20200102
PLZ,PLZ_20200102
PBZ,PBZ_20200102
PHW,PHW_20200102
JOH,JOH_20200102
PZB,PZB_20200102
NTY,NTY_20200102
PTG,PTG_20200102
PCF,PCF_20200102
UTW,UTW_20200102
RCB,RCB_20200102
ROD,ROD_20200102
SBU,SBU_20200102
ZEC,ZEC_20200102
SIS,SIS_20200102
SZK,SZK_20200102
LTA,LTA_20200102
ULD,ULD_20200102
UTN,UTN_20200102
UTT,UTT_20200102
VRU,VRU_20200102
VIR,VIR_20200102
VRE,VRE_20200102
PRY,PRY_20200102
WKF,WKF_20200102
FRW,FRW_20200102
JWA,JWA_20200102
BBK,BBK_20200102
MUB,MUB_20200102
GBE,GBE_20200102
PKW,PKW_20200102
BZV,BZV_20200102
FTX,FTX_20200102
OUE,OUE_20200102
PNR,PNR_20200102
MTS,MTS_20200102
BGF,BGF_20200102
BBT,BBT_20200102
BSG,BSG_20200102
SSG,SSG_20200102
ASI,ASI_20200102
MRU,MRU_20200102
RRG,RRG_20200102
NKW,NKW_20200102
TKC,TKC_20200102
DLA,DLA_20200102
MVR,MVR_20200102
FOM,FOM_20200102
NGE,NGE_20200102
GOU,GOU_20200102
BFX,BFX_20200102
BPC,BPC_20200102
YAO,YAO_20200102
CGJ,CGJ_20200102
LVI,LVI_20200102
LUN,LUN_20200102
MFU,MFU_20200102
MNR,MNR_20200102
NLA,NLA_20200102
KIW,KIW_20200102
HAH,HAH_20200102
NWA,NWA_20200102
AJN,AJN_20200102
DZA,DZA_20200102
RUN,RUN_20200102
ZSE,ZSE_20200102
TNR,TNR_20200102
ZVA,ZVA_20200102
SMS,SMS_20200102
TMM,TMM_20200102
MOQ,MOQ_20200102
DIE,DIE_20200102
WMR,WMR_20200102
ZWA,ZWA_20200102
AMB,AMB_20200102
ANM,ANM_20200102
HVA,HVA_20200102
MJN,MJN_20200102
NOS,NOS_20200102
BPY,BPY_20200102
WMN,WMN_20200102
SVB,SVB_20200102
VOH,VOH_20200102
WAI,WAI_20200102
IVA,IVA_20200102
FTU,FTU_20200102
WFI,WFI_20200102
RVA,RVA_20200102
WVK,WVK_20200102
MNJ,MNJ_20200102
MXM,MXM_20200102
TLE,TLE_20200102
SSY,SSY_20200102
BUG,BUG_20200102
CAB,CAB_20200102
NOV,NOV_20200102
SVP,SVP_20200102
LAD,LAD_20200102
MEG,MEG_20200102
SPP,SPP_20200102
GXG,GXG_20200102
PBN,PBN_20200102
VHC,VHC_20200102
SZA,SZA_20200102
SDD,SDD_20200102
LUO,LUO_20200102
UGO,UGO_20200102
XGN,XGN_20200102
OYE,OYE_20200102
OKN,OKN_20200102
LBQ,LBQ_20200102
BMM,BMM_20200102
POG,POG_20200102
OMB,OMB_20200102
MKU,MKU_20200102
LBV,LBV_20200102
MVB,MVB_20200102
PCP,PCP_20200102
TMS,TMS_20200102
BEW,BEW_20200102
INH,INH_20200102
VXC,VXC_20200102
LFB,LFB_20200102
MPM,MPM_20200102
MUD,MUD_20200102
MZB,MZB_20200102
MNC,MNC_20200102
APL,APL_20200102
POL,POL_20200102
UEL,UEL_20200102
TET,TET_20200102
VNX,VNX_20200102
DES,DES_20200102
SEZ,SEZ_20200102
PRI,PRI_20200102
AEH,AEH_20200102
MQQ,MQQ_20200102
NDJ,NDJ_20200102
FYT,FYT_20200102
BUQ,BUQ_20200102
BFO,BFO_20200102
VFA,VFA_20200102
HRE,HRE_20200102
KAB,KAB_20200102
UTA,UTA_20200102
MVZ,MVZ_20200102
GWE,GWE_20200102
HWN,HWN_20200102
BLZ,BLZ_20200102
KGJ,KGJ_20200102
KBQ,KBQ_20200102
LLW,LLW_20200102
ZZU,ZZU_20200102
MSU,MSU_20200102
FIH,FIH_20200102
NLO,NLO_20200102
MNB,MNB_20200102
FDU,FDU_20200102
KKW,KKW_20200102
MDK,MDK_20200102
Bday,Bday_20200102
GMA,GMA_20200102
KLI,KLI_20200102
LIQ,LIQ_20200102
FKI,FKI_20200102
IRP,IRP_20200102
BUX,BUX_20200102
BZU,BZU_20200102
BKY,BKY_20200102
GOM,GOM_20200102
KND,KND_20200102
FBM,FBM_20200102
KWZ,KWZ_20200102
FMI,FMI_20200102
KMN,KMN_20200102
KGA,KGA_20200102
MJM,MJM_20200102
BKO,BKO_20200102
GAQ,GAQ_20200102
KYS,KYS_20200102
MZI,MZI_20200102
TOM,TOM_20200102
BJL,BJL_20200102
FUE,FUE_20200102
VDE,VDE_20200102
SPC,SPC_20200102
LPA,LPA_20200102
ACE,ACE_20200102
TFS,TFS_20200102
TFN,TFN_20200102
MLN,MLN_20200102
FNA,FNA_20200102
MLW,MLW_20200102
ROB,ROB_20200102
AGA,AGA_20200102
TTA,TTA_20200102
FEZ,FEZ_20200102
ERH,ERH_20200102
MEK,MEK_20200102
OUD,OUD_20200102
GMD,GMD_20200102
RBA,RBA_20200102
CMN,CMN_20200102
RAK,RAK_20200102
NNA,NNA_20200102
OZZ,OZZ_20200102
AHU,AHU_20200102
TTU,TTU_20200102
TNG,TNG_20200102
ZIG,ZIG_20200102
CSK,CSK_20200102
KLC,KLC_20200102
DKR,DKR_20200102
XLS,XLS_20200102
BXE,BXE_20200102
KGG,KGG_20200102
TUD,TUD_20200102
AEO,AEO_20200102
TIY,TIY_20200102
KFA,KFA_20200102
EMN,EMN_20200102
KED,KED_20200102
NKC,NKC_20200102
SEY,SEY_20200102
ATR,ATR_20200102
NDB,NDB_20200102
FIG,FIG_20200102
FAA,FAA_20200102
LEK,LEK_20200102
SID,SID_20200102
BVC,BVC_20200102
MMO,MMO_20200102
SNE,SNE_20200102
VXE,VXE_20200102
ADD,ADD_20200102
AMH,AMH_20200102
AXU,AXU_20200102
BJR,BJR_20200102
DIR,DIR_20200102
GMB,GMB_20200102
GDQ,GDQ_20200102
JIM,JIM_20200102
LLI,LLI_20200102
MQX,MQX_20200102
ASO,ASO_20200102
BJM,BJM_20200102
HGA,HGA_20200102
BBO,BBO_20200102
KMU,KMU_20200102
ALY,ALY_20200102
ABS,ABS_20200102
CAI,CAI_20200102
CWE,CWE_20200102
HRG,HRG_20200102
EGH,EGH_20200102
LXR,LXR_20200102
MUH,MUH_20200102
PSD,PSD_20200102
SKV,SKV_20200102
ASW,ASW_20200102
ELT,ELT_20200102
EDL,EDL_20200102
GGM,GGM_20200102
KIS,KIS_20200102
KTL,KTL_20200102
LOK,LOK_20200102
LAU,LAU_20200102
MBA,MBA_20200102
WIL,WIL_20200102
WJR,WJR_20200102
GHT,GHT_20200102
AKF,AKF_20200102
BEN,BEN_20200102
SEB,SEB_20200102
TIP,TIP_20200102
LMQ,LMQ_20200102
HUQ,HUQ_20200102
LTD,LTD_20200102
GYI,GYI_20200102
KGL,KGL_20200102
KME,KME_20200102
DOG,DOG_20200102
RSS,RSS_20200102
ELF,ELF_20200102
KSL,KSL_20200102
KDX,KDX_20200102
EBD,EBD_20200102
JUB,JUB_20200102
MAK,MAK_20200102
KRT,KRT_20200102
ARK,ARK_20200102
DAR,DAR_20200102
DOD,DOD_20200102
IRI,IRI_20200102
JRO,JRO_20200102
LKY,LKY_20200102
MYW,MYW_20200102
MWZ,MWZ_20200102
PMA,PMA_20200102
TGT,TGT_20200102
ZNZ,ZNZ_20200102
EBB,EBB_20200102
SRT,SRT_20200102
TIA,TIA_20200102
BOJ,BOJ_20200102
GOZ,GOZ_20200102
PDV,PDV_20200102
SOF,SOF_20200102
SZR,SZR_20200102
VAR,VAR_20200102
LCA,LCA_20200102
PFO,PFO_20200102
AKT,AKT_20200102
DBV,DBV_20200102
OSI,OSI_20200102
PUY,PUY_20200102
RJK,RJK_20200102
SPU,SPU_20200102
ZAG,ZAG_20200102
ZAD,ZAD_20200102
ABC,ABC_20200102
ALC,ALC_20200102
LEI,LEI_20200102
OVD,OVD_20200102
ODB,ODB_20200102
BIO,BIO_20200102
BCN,BCN_20200102
BJZ,BJZ_20200102
LCG,LCG_20200102
GRO,GRO_20200102
GRX,GRX_20200102
IBZ,IBZ_20200102
XRY,XRY_20200102
MJV,MJV_20200102
MAD,MAD_20200102
AGP,AGP_20200102
MAH,MAH_20200102
OZP,OZP_20200102
PNA,PNA_20200102
REU,REU_20200102
ROZ,ROZ_20200102
SLM,SLM_20200102
EAS,EAS_20200102
SCQ,SCQ_20200102
LEU,LEU_20200102
TOJ,TOJ_20200102
VLC,VLC_20200102
VLL,VLL_20200102
VIT,VIT_20200102
VGO,VGO_20200102
SDR,SDR_20200102
ZAZ,ZAZ_20200102
SVQ,SVQ_20200102
CQF,CQF_20200102
BYF,BYF_20200102
LTQ,LTQ_20200102
XVS,XVS_20200102
AGF,AGF_20200102
BOD,BOD_20200102
EGC,EGC_20200102
CNG,CNG_20200102
PIS,PIS_20200102
MCU,MCU_20200102
LIG,LIG_20200102
NIT,NIT_20200102
TLS,TLS_20200102
PUF,PUF_20200102
LDE,LDE_20200102
ANG,ANG_20200102
BVE,BVE_20200102
PGX,PGX_20200102
BIQ,BIQ_20200102
ZAO,ZAO_20200102
LBI,LBI_20200102
DCM,DCM_20200102
RDZ,RDZ_20200102
RYN,RYN_20200102
XMW,XMW_20200102
RCO,RCO_20200102
CMR,CMR_20200102
DLE,DLE_20200102
OBS,OBS_20200102
LPY,LPY_20200102
ETZ,ETZ_20200102
BIA,BIA_20200102
CLY,CLY_20200102
FSC,FSC_20200102
AJA,AJA_20200102
PRP,PRP_20200102
SOZ,SOZ_20200102
AUF,AUF_20200102
CMF,CMF_20200102
CFE,CFE_20200102
BOU,BOU_20200102
QNJ,QNJ_20200102
LYS,LYS_20200102
SYT,SYT_20200102
RNE,RNE_20200102
NCY,NCY_20200102
GNB,GNB_20200102
VAF,VAF_20200102
VHY,VHY_20200102
AUR,AUR_20200102
CHR,CHR_20200102
LYN,LYN_20200102
CEQ,CEQ_20200102
EBU,EBU_20200102
CCF,CCF_20200102
MRS,MRS_20200102
NCE,NCE_20200102
XOG,XOG_20200102
PGF,PGF_20200102
CTT,CTT_20200102
MPL,MPL_20200102
BZR,BZR_20200102
AVN,AVN_20200102
MEN,MEN_20200102
BVA,BVA_20200102
EVX,EVX_20200102
LEH,LEH_20200102
XAB,XAB_20200102
ORE,ORE_20200102
XCR,XCR_20200102
URO,URO_20200102
TUF,TUF_20200102
CET,CET_20200102
LVA,LVA_20200102
LBG,LBG_20200102
CSF,CSF_20200102
CDG,CDG_20200102
TNF,TNF_20200102
ORY,ORY_20200102
POX,POX_20200102
VIY,VIY_20200102
NVS,NVS_20200102
XME,XME_20200102
LIL,LIL_20200102
HZB,HZB_20200102
XCZ,XCZ_20200102
BES,BES_20200102
CER,CER_20200102
DNR,DNR_20200102
LBY,LBY_20200102
GFR,GFR_20200102
DOL,DOL_20200102
LRT,LRT_20200102
EDM,EDM_20200102
LDV,LDV_20200102
CFR,CFR_20200102
LME,LME_20200102
RNS,RNS_20200102
LAI,LAI_20200102
UIP,UIP_20200102
NTE,NTE_20200102
SBK,SBK_20200102
MXN,MXN_20200102
VNE,VNE_20200102
SNR,SNR_20200102
BSL,BSL_20200102
DIJ,DIJ_20200102
MZM,MZM_20200102
EPL,EPL_20200102
ENC,ENC_20200102
RHE,RHE_20200102
SXB,SXB_20200102
TLN,TLN_20200102
FNI,FNI_20200102
MQC,MQC_20200102
FSP,FSP_20200102
PYR,PYR_20200102
AGQ,AGQ_20200102
AXD,AXD_20200102
VOL,VOL_20200102
JKH,JKH_20200102
IOA,IOA_20200102
HER,HER_20200102
KSO,KSO_20200102
KIT,KIT_20200102
EFL,EFL_20200102
KLX,KLX_20200102
KGS,KGS_20200102
AOK,AOK_20200102
CFU,CFU_20200102
KSJ,KSJ_20200102
KVA,KVA_20200102
KZI,KZI_20200102
LRS,LRS_20200102
LXS,LXS_20200102
LRA,LRA_20200102
JMK,JMK_20200102
MJT,MJT_20200102
PVK,PVK_20200102
RHO,RHO_20200102
GPA,GPA_20200102
CHQ,CHQ_20200102
JSI,JSI_20200102
SMI,SMI_20200102
SPJ,SPJ_20200102
JTR,JTR_20200102
JSH,JSH_20200102
SKU,SKU_20200102
SKG,SKG_20200102
ZTH,ZTH_20200102
BUD,BUD_20200102
DEB,DEB_20200102
CRV,CRV_20200102
BRI,BRI_20200102
FOG,FOG_20200102
TAR,TAR_20200102
LCC,LCC_20200102
PSR,PSR_20200102
BDS,BDS_20200102
SUF,SUF_20200102
CTA,CTA_20200102
LMP,LMP_20200102
PNL,PNL_20200102
PMO,PMO_20200102
REG,REG_20200102
TPS,TPS_20200102
NSY,NSY_20200102
AHO,AHO_20200102
DCI,DCI_20200102
CAG,CAG_20200102
OLB,OLB_20200102
TTB,TTB_20200102
MXP,MXP_20200102
BGY,BGY_20200102
TRN,TRN_20200102
ALL,ALL_20200102
GOA,GOA_20200102
LIN,LIN_20200102
PMF,PMF_20200102
CUF,CUF_20200102
AVB,AVB_20200102
BZO,BZO_20200102
BLQ,BLQ_20200102
TSF,TSF_20200102
FRL,FRL_20200102
VBS,VBS_20200102
TRS,TRS_20200102
RMI,RMI_20200102
VIC,VIC_20200102
QPA,QPA_20200102
VRN,VRN_20200102
VCE,VCE_20200102
SAY,SAY_20200102
CIA,CIA_20200102
FCO,FCO_20200102
EBA,EBA_20200102
QLT,QLT_20200102
NAP,NAP_20200102
PSA,PSA_20200102
FLR,FLR_20200102
GRS,GRS_20200102
PEG,PEG_20200102
LJU,LJU_20200102
MBX,MBX_20200102
POW,POW_20200102
UHE,UHE_20200102
KLV,KLV_20200102
OSR,OSR_20200102
PED,PED_20200102
PRV,PRV_20200102
PRG,PRG_20200102
BRQ,BRQ_20200102
VOD,VOD_20200102
TLV,TLV_20200102
BEV,BEV_20200102
ETH,ETH_20200102
EIY,EIY_20200102
HFA,HFA_20200102
RPN,RPN_20200102
MTZ,MTZ_20200102
VTM,VTM_20200102
VDA,VDA_20200102
MIP,MIP_20200102
SDV,SDV_20200102
MLA,MLA_20200102
GRZ,GRZ_20200102
INN,INN_20200102
LNZ,LNZ_20200102
SZG,SZG_20200102
VIE,VIE_20200102
AVR,AVR_20200102
SMA,SMA_20200102
BGC,BGC_20200102
BYJ,BYJ_20200102
BGZ,BGZ_20200102
CAT,CAT_20200102
FLW,FLW_20200102
FAO,FAO_20200102
GRW,GRW_20200102
HOR,HOR_20200102
TER,TER_20200102
QLR,QLR_20200102
PDL,PDL_20200102
PIX,PIX_20200102
PRM,PRM_20200102
OPO,OPO_20200102
PXO,PXO_20200102
LIS,LIS_20200102
SJZ,SJZ_20200102
VRL,VRL_20200102
VSE,VSE_20200102
OMO,OMO_20200102
SJJ,SJJ_20200102
ARW,ARW_20200102
BCM,BCM_20200102
BAY,BAY_20200102
BBU,BBU_20200102
CND,CND_20200102
CLJ,CLJ_20200102
CSB,CSB_20200102
CRA,CRA_20200102
IAS,IAS_20200102
OMR,OMR_20200102
OTP,OTP_20200102
SBZ,SBZ_20200102
SUJ,SUJ_20200102
SCV,SCV_20200102
TCE,TCE_20200102
TGM,TGM_20200102
TSR,TSR_20200102
GVA,GVA_20200102
SIR,SIR_20200102
EML,EML_20200102
LUG,LUG_20200102
BRN,BRN_20200102
ZHI,ZHI_20200102
ZRH,ZRH_20200102
ACH,ACH_20200102
SMV,SMV_20200102
ESB,ESB_20200102
ANK,ANK_20200102
ADA,ADA_20200102
UAB,UAB_20200102
AFY,AFY_20200102
AYT,AYT_20200102
GZT,GZT_20200102
KYA,KYA_20200102
MZH,MZH_20200102
VAS,VAS_20200102
MLX,MLX_20200102
ASR,ASR_20200102
TJK,TJK_20200102
DNZ,DNZ_20200102
ISL,ISL_20200102
BZI,BZI_20200102
BDM,BDM_20200102
ESK,ESK_20200102
ADB,ADB_20200102
IGL,IGL_20200102
KCO,KCO_20200102
DLM,DLM_20200102
BXN,BXN_20200102
EZS,EZS_20200102
DIY,DIY_20200102
ERC,ERC_20200102
ERZ,ERZ_20200102
TZX,TZX_20200102
VAN,VAN_20200102
BAL,BAL_20200102
SXZ,SXZ_20200102
BZY,BZY_20200102
KIV,KIV_20200102
OHD,OHD_20200102
SKP,SKP_20200102
GIB,GIB_20200102
BEG,BEG_20200102
INI,INI_20200102
TGD,TGD_20200102
PRN,PRN_20200102
TIV,TIV_20200102
BTS,BTS_20200102
KSC,KSC_20200102
PZY,PZY_20200102
SLD,SLD_20200102
TAT,TAT_20200102
NCA,NCA_20200102
PLS,PLS_20200102
XSC,XSC_20200102
BRX,BRX_20200102
CBJ,CBJ_20200102
LRM,LRM_20200102
PUJ,PUJ_20200102
POP,POP_20200102
SDQ,SDQ_20200102
STI,STI_20200102
CBV,CBV_20200102
GUA,GUA_20200102
RER,RER_20200102
GSJ,GSJ_20200102
LCE,LCE_20200102
SAP,SAP_20200102
GJA,GJA_20200102
RTB,RTB_20200102
TEA,TEA_20200102
TGU,TGU_20200102
TJI,TJI_20200102
OCJ,OCJ_20200102
KIN,KIN_20200102
MBJ,MBJ_20200102
POT,POT_20200102
KTP,KTP_20200102
ACA,ACA_20200102
NTR,NTR_20200102
AGU,AGU_20200102
HUX,HUX_20200102
CVJ,CVJ_20200102
ACN,ACN_20200102
CME,CME_20200102
NCG,NCG_20200102
CUL,CUL_20200102
CTM,CTM_20200102
CEN,CEN_20200102
CPE,CPE_20200102
CJS,CJS_20200102
CUU,CUU_20200102
CVM,CVM_20200102
CZM,CZM_20200102
DGO,DGO_20200102
TPQ,TPQ_20200102
ESE,ESE_20200102
GDL,GDL_20200102
GYM,GYM_20200102
TCN,TCN_20200102
HMO,HMO_20200102
CLQ,CLQ_20200102
ISJ,ISJ_20200102
SLW,SLW_20200102
IZT,IZT_20200102
LZC,LZC_20200102
LMM,LMM_20200102
BJX,BJX_20200102
LAP,LAP_20200102
LTO,LTO_20200102
MAM,MAM_20200102
MID,MID_20200102
MXL,MXL_20200102
MLM,MLM_20200102
MTT,MTT_20200102
LOV,LOV_20200102
MEX,MEX_20200102
MTY,MTY_20200102
MZT,MZT_20200102
NOG,NOG_20200102
NLD,NLD_20200102
OAX,OAX_20200102
PAZ,PAZ_20200102
PBC,PBC_20200102
PPE,PPE_20200102
PDS,PDS_20200102
UPN,UPN_20200102
PVR,PVR_20200102
PXM,PXM_20200102
QRO,QRO_20200102
REX,REX_20200102
SJD,SJD_20200102
SFH,SFH_20200102
SLP,SLP_20200102
TRC,TRC_20200102
TGZ,TGZ_20200102
TIJ,TIJ_20200102
TAM,TAM_20200102
TSL,TSL_20200102
TLC,TLC_20200102
TAP,TAP_20200102
CUN,CUN_20200102
VSA,VSA_20200102
VER,VER_20200102
ZCL,ZCL_20200102
ZIH,ZIH_20200102
ZMM,ZMM_20200102
ZLO,ZLO_20200102
BEF,BEF_20200102
MGA,MGA_20200102
PUZ,PUZ_20200102
BOC,BOC_20200102
CHX,CHX_20200102
DAV,DAV_20200102
BLB,BLB_20200102
PAC,PAC_20200102
SYP,SYP_20200102
PTY,PTY_20200102
BAI,BAI_20200102
OTR,OTR_20200102
JAP,JAP_20200102
GLF,GLF_20200102
GPL,GPL_20200102
LIR,LIR_20200102
LSL,LSL_20200102
LIO,LIO_20200102
NOB,NOB_20200102
SJO,SJO_20200102
PMZ,PMZ_20200102
XQP,XQP_20200102
TOO,TOO_20200102
SAL,SAL_20200102
CYA,CYA_20200102
CAP,CAP_20200102
JAK,JAK_20200102
PAP,PAP_20200102
BCA,BCA_20200102
BYM,BYM_20200102
AVI,AVI_20200102
CCC,CCC_20200102
CFG,CFG_20200102
CYO,CYO_20200102
CMW,CMW_20200102
SCU,SCU_20200102
NBW,NBW_20200102
GAO,GAO_20200102
HAV,HAV_20200102
HOG,HOG_20200102
LCL,LCL_20200102
MOA,MOA_20200102
MZO,MZO_20200102
GER,GER_20200102
UPB,UPB_20200102
QPD,QPD_20200102
SNU,SNU_20200102
SZJ,SZJ_20200102
USS,USS_20200102
VRA,VRA_20200102
VTU,VTU_20200102
CYB,CYB_20200102
GCM,GCM_20200102
MAY,MAY_20200102
ASD,ASD_20200102
MHH,MHH_20200102
SAQ,SAQ_20200102
AXP,AXP_20200102
TCB,TCB_20200102
CCZ,CCZ_20200102
GHC,GHC_20200102
BIM,BIM_20200102
GGT,GGT_20200102
ELH,ELH_20200102
GHB,GHB_20200102
NMC,NMC_20200102
RSD,RSD_20200102
TYM,TYM_20200102
FPO,FPO_20200102
IGA,IGA_20200102
LGI,LGI_20200102
SML,SML_20200102
MYG,MYG_20200102
NAS,NAS_20200102
DCT,DCT_20200102
RCY,RCY_20200102
ZSA,ZSA_20200102
BZE,BZE_20200102
AIT,AIT_20200102
RAR,RAR_20200102
NAN,NAN_20200102
SUV,SUV_20200102
TBU,TBU_20200102
VAV,VAV_20200102
TRW,TRW_20200102
TBF,TBF_20200102
WLS,WLS_20200102
APW,APW_20200102
PPG,PPG_20200102
RUR,RUR_20200102
TUB,TUB_20200102
AAA,AAA_20200102
FGU,FGU_20200102
TIH,TIH_20200102
REA,REA_20200102
FAV,FAV_20200102
XMH,XMH_20200102
GMR,GMR_20200102
KKR,KKR_20200102
MKP,MKP_20200102
PKP,PKP_20200102
TKP,TKP_20200102
AXR,AXR_20200102
MVT,MVT_20200102
TKX,TKX_20200102
BOB,BOB_20200102
RGI,RGI_20200102
HUH,HUH_20200102
MOZ,MOZ_20200102
HOI,HOI_20200102
MAU,MAU_20200102
RFP,RFP_20200102
VLI,VLI_20200102
KNQ,KNQ_20200102
KOC,KOC_20200102
LIF,LIF_20200102
GEA,GEA_20200102
MEE,MEE_20200102
TOU,TOU_20200102
UVE,UVE_20200102
NOU,NOU_20200102
AKL,AKL_20200102
TUO,TUO_20200102
AMZ,AMZ_20200102
CHC,CHC_20200102
DUD,DUD_20200102
GIS,GIS_20200102
GTN,GTN_20200102
HKK,HKK_20200102
HLZ,HLZ_20200102
KKE,KKE_20200102
KAT,KAT_20200102
ALR,ALR_20200102
MON,MON_20200102
TEU,TEU_20200102
MRO,MRO_20200102
NPL,NPL_20200102
NSN,NSN_20200102
IVC,IVC_20200102
OHA,OHA_20200102
OAM,OAM_20200102
PMR,PMR_20200102
PPQ,PPQ_20200102
ZQN,ZQN_20200102
ROT,ROT_20200102
TRG,TRG_20200102
TIU,TIU_20200102
TWZ,TWZ_20200102
BHE,BHE_20200102
WKA,WKA_20200102
WHK,WHK_20200102
WLG,WLG_20200102
WIR,WIR_20200102
WRE,WRE_20200102
WSZ,WSZ_20200102
WAG,WAG_20200102
BAH,BAH_20200102
AHB,AHB_20200102
HOF,HOF_20200102
ABT,ABT_20200102
BHH,BHH_20200102
DMM,DMM_20200102
DHA,DHA_20200102
GIZ,GIZ_20200102
ELQ,ELQ_20200102
URY,URY_20200102
HAS,HAS_20200102
QJB,QJB_20200102
JED,JED_20200102
KMC,KMC_20200102
MED,MED_20200102
EAM,EAM_20200102
AQI,AQI_20200102
RAH,RAH_20200102
RUH,RUH_20200102
RAE,RAE_20200102
SHW,SHW_20200102
SLF,SLF_20200102
TUU,TUU_20200102
TIF,TIF_20200102
TUI,TUI_20200102
EJH,EJH_20200102
YNB,YNB_20200102
AMM,AMM_20200102
ADJ,ADJ_20200102
AQJ,AQJ_20200102
OMF,OMF_20200102
KWI,KWI_20200102
BEY,BEY_20200102
KYE,KYE_20200102
AUH,AUH_20200102
AZI,AZI_20200102
DHF,DHF_20200102
DXB,DXB_20200102
FJR,FJR_20200102
RKT,RKT_20200102
SHJ,SHJ_20200102
KHS,KHS_20200102
MSH,MSH_20200102
MCT,MCT_20200102
SLL,SLL_20200102
TTH,TTH_20200102
BHW,BHW_20200102
LYP,LYP_20200102
GWD,GWD_20200102
GIL,GIL_20200102
JAG,JAG_20200102
KHI,KHI_20200102
LHE,LHE_20200102
XJM,XJM_20200102
MFG,MFG_20200102
MWD,MWD_20200102
MJD,MJD_20200102
MUX,MUX_20200102
WNS,WNS_20200102
PJG,PJG_20200102
PSI,PSI_20200102
PEW,PEW_20200102
UET,UET_20200102
RYK,RYK_20200102
RAZ,RAZ_20200102
SKZ,SKZ_20200102
Sday,Sday_20200102
SUL,SUL_20200102
BDN,BDN_20200102
WAF,WAF_20200102
PZH,PZH_20200102
BSR,BSR_20200102
ALP,ALP_20200102
DAM,DAM_20200102
DEZ,DEZ_20200102
LTK,LTK_20200102
PMS,PMS_20200102
DIA,DIA_20200102
CIS,CIS_20200102
ROP,ROP_20200102
SPN,SPN_20200102
UAM,UAM_20200102
GUM,GUM_20200102
TIQ,TIQ_20200102
MAJ,MAJ_20200102
KWA,KWA_20200102
CXI,CXI_20200102
MDY,MDY_20200102
TKK,TKK_20200102
PNI,PNI_20200102
ROR,ROR_20200102
KSA,KSA_20200102
YAP,YAP_20200102
KNH,KNH_20200102
TTT,TTT_20200102
GNI,GNI_20200102
KHH,KHH_20200102
CYI,CYI_20200102
KYD,KYD_20200102
RMQ,RMQ_20200102
TNN,TNN_20200102
HSZ,HSZ_20200102
MZG,MZG_20200102
PIF,PIF_20200102
TSA,TSA_20200102
TPE,TPE_20200102
WOT,WOT_20200102
HUN,HUN_20200102
NRT,NRT_20200102
MMJ,MMJ_20200102
IBR,IBR_20200102
MUS,MUS_20200102
IWO,IWO_20200102
SHM,SHM_20200102
OBO,OBO_20200102
CTS,CTS_20200102
HKD,HKD_20200102
MMB,MMB_20200102
SHB,SHB_20200102
WKJ,WKJ_20200102
IKI,IKI_20200102
UBJ,UBJ_20200102
TSJ,TSJ_20200102
MBE,MBE_20200102
AKJ,AKJ_20200102
OIR,OIR_20200102
RIS,RIS_20200102
KUM,KUM_20200102
FUJ,FUJ_20200102
FUK,FUK_20200102
TNE,TNE_20200102
KOJ,KOJ_20200102
KMI,KMI_20200102
OIT,OIT_20200102
KKJ,KKJ_20200102
KMJ,KMJ_20200102
NGS,NGS_20200102
ASJ,ASJ_20200102
OKE,OKE_20200102
TKN,TKN_20200102
FKJ,FKJ_20200102
QGU,QGU_20200102
KMQ,KMQ_20200102
OKI,OKI_20200102
TOY,TOY_20200102
HIJ,HIJ_20200102
OKJ,OKJ_20200102
IZO,IZO_20200102
YGJ,YGJ_20200102
KCZ,KCZ_20200102
MYJ,MYJ_20200102
ITM,ITM_20200102
TTJ,TTJ_20200102
TKS,TKS_20200102
TAK,TAK_20200102
AOJ,AOJ_20200102
GAJ,GAJ_20200102
SDS,SDS_20200102
HHE,HHE_20200102
HNA,HNA_20200102
AXT,AXT_20200102
MSJ,MSJ_20200102
SDJ,SDJ_20200102
NJA,NJA_20200102
HAC,HAC_20200102
OIM,OIM_20200102
HND,HND_20200102
OKO,OKO_20200102
KWJ,KWJ_20200102
CHN,CHN_20200102
RSU,RSU_20200102
KAG,KAG_20200102
CJU,CJU_20200102
CHF,CHF_20200102
PUS,PUS_20200102
USN,USN_20200102
SSN,SSN_20200102
OSN,OSN_20200102
GMP,GMP_20200102
SWU,SWU_20200102
KPO,KPO_20200102
TAE,TAE_20200102
YEC,YEC_20200102
OKA,OKA_20200102
DNA,DNA_20200102
ISG,ISG_20200102
UEO,UEO_20200102
MMD,MMD_20200102
MMY,MMY_20200102
KTD,KTD_20200102
SHI,SHI_20200102
TRA,TRA_20200102
RNJ,RNJ_20200102
OGN,OGN_20200102
MNL,MNL_20200102
CBO,CBO_20200102
PAG,PAG_20200102
GES,GES_20200102
ZAM,ZAM_20200102
BAG,BAG_20200102
dayE,dayE_20200102
SJI,SJI_20200102
MBO,MBO_20200102
BQA,BQA_20200102
TAC,TAC_20200102
BCD,BCD_20200102
DGT,DGT_20200102
MPH,MPH_20200102
ILO,ILO_20200102
KLO,KLO_20200102
PPS,PPS_20200102
EUQ,EUQ_20200102
COC,COC_20200102
GHU,GHU_20200102
JNI,JNI_20200102
PRA,PRA_20200102
ROS,ROS_20200102
SFN,SFN_20200102
AEP,AEP_20200102
COR,COR_20200102
FDO,FDO_20200102
LPG,LPG_20200102
EPA,EPA_20200102
HOS,HOS_20200102
GNR,GNR_20200102
MDZ,MDZ_20200102
LGS,LGS_20200102
AFA,AFA_20200102
CTC,CTC_20200102
SDE,SDE_20200102
IRJ,IRJ_20200102
TUC,TUC_20200102
UAQ,UAQ_20200102
RCU,RCU_20200102
VDR,VDR_20200102
VME,VME_20200102
LUQ,LUQ_20200102
CNQ,CNQ_20200102
RES,RES_20200102
FMA,FMA_20200102
IGR,IGR_20200102
AOL,AOL_20200102
MCS,MCS_20200102
PSS,PSS_20200102
PRQ,PRQ_20200102
SLA,SLA_20200102
JUJ,JUJ_20200102
ORA,ORA_20200102
ELO,ELO_20200102
OYA,OYA_20200102
RCQ,RCQ_20200102
UZU,UZU_20200102
EHL,EHL_20200102
CRD,CRD_20200102
EQS,EQS_20200102
REL,REL_20200102
VDM,VDM_20200102
PMY,PMY_20200102
PUD,PUD_20200102
RGA,RGA_20200102
RGL,RGL_20200102
USH,USH_20200102
ULA,ULA_20200102
PMQ,PMQ_20200102
RZA,RZA_20200102
BHI,BHI_20200102
CSZ,CSZ_20200102
OVR,OVR_20200102
GPO,GPO_20200102
OYO,OYO_20200102
MDQ,MDQ_20200102
NQN,NQN_20200102
PEH,PEH_20200102
RSA,RSA_20200102
BRC,BRC_20200102
TDL,TDL_20200102
VLG,VLG_20200102
CUT,CUT_20200102
CPC,CPC_20200102
CDJ,CDJ_20200102
AQA,AQA_20200102
AJU,AJU_20200102
AFL,AFL_20200102
ARU,ARU_20200102
BEL,BEL_20200102
BGX,BGX_20200102
PLU,PLU_20200102
BFH,BFH_20200102
BSB,BSB_20200102
BAU,BAU_20200102
BVB,BVB_20200102
BPG,BPG_20200102
CAC,CAC_20200102
CNF,CNF_20200102
CGR,CGR_20200102
XAP,XAP_20200102
CLN,CLN_20200102
CCM,CCM_20200102
CAW,CAW_20200102
CMG,CMG_20200102
CWB,CWB_20200102
CRQ,CRQ_20200102
CXJ,CXJ_20200102
CGB,CGB_20200102
CZS,CZS_20200102
PPB,PPB_20200102
MAO,MAO_20200102
JCR,JCR_20200102
IGU,IGU_20200102
FLN,FLN_20200102
FEN,FEN_20200102
FOR,FOR_20200102
GIG,GIG_20200102
GJM,GJM_20200102
GYN,GYN_20200102
GRU,GRU_20200102
GUJ,GUJ_20200102
ATM,ATM_20200102
ITA,ITA_20200102
ITB,ITB_20200102
IOS,IOS_20200102
IPN,IPN_20200102
ITR,ITR_20200102
IMP,IMP_20200102
JDF,JDF_20200102
JPA,JPA_20200102
JOI,JOI_20200102
CPV,CPV_20200102
VCP,VCP_20200102
LAJ,LAJ_20200102
LIP,LIP_20200102
LDB,LDB_20200102
LAZ,LAZ_20200102
MAB,MAB_20200102
MEU,MEU_20200102
MGF,MGF_20200102
MOC,MOC_20200102
PLL,PLL_20200102
MCZ,MCZ_20200102
MCP,MCP_20200102
MVF,MVF_20200102
MNX,MNX_20200102
NVT,NVT_20200102
GEL,GEL_20200102
NAT,NAT_20200102
OYK,OYK_20200102
POA,POA_20200102
PHB,PHB_20200102
POO,POO_20200102
PFB,PFB_20200102
PET,PET_20200102
PNZ,PNZ_20200102
PNB,PNB_20200102
PMG,PMG_20200102
PVH,PVH_20200102
RBR,RBR_20200102
REC,REC_20200102
SDU,SDU_20200102
RAO,RAO_20200102
SNZ,SNZ_20200102
SJK,SJK_20200102
SLZ,SLZ_20200102
CGH,CGH_20200102
SJP,SJP_20200102
SSZ,SSZ_20200102
SSA,SSA_20200102
TMT,TMT_20200102
THE,THE_20200102
TFF,TFF_20200102
TRQ,TRQ_20200102
TEC,TEC_20200102
TBT,TBT_20200102
TUR,TUR_20200102
SJL,SJL_20200102
PAV,PAV_20200102
URG,URG_20200102
UDI,UDI_20200102
UBA,UBA_20200102
VAG,VAG_20200102
BVH,BVH_20200102
VIX,VIX_20200102
QPS,QPS_20200102
ARI,ARI_20200102
BBA,BBA_20200102
CCH,CCH_20200102
CJC,CJC_20200102
YAI,YAI_20200102
PUQ,PUQ_20200102
GXQ,GXQ_20200102
IQQ,IQQ_20200102
SCL,SCL_20200102
ANF,ANF_20200102
WPR,WPR_20200102
FFU,FFU_20200102
LSQ,LSQ_20200102
WPU,WPU_20200102
CCP,CCP_20200102
IPC,IPC_20200102
ZOS,ZOS_20200102
VLR,VLR_20200102
QRC,QRC_20200102
TNM,TNM_20200102
LSC,LSC_20200102
PZS,PZS_20200102
PMC,PMC_20200102
WCH,WCH_20200102
ZAL,ZAL_20200102
ATF,ATF_20200102
OCC,OCC_20200102
CUE,CUE_20200102
GPS,GPS_20200102
GYE,GYE_20200102
LTX,LTX_20200102
MRR,MRR_20200102
XMS,XMS_20200102
MCH,MCH_20200102
MEC,MEC_20200102
PVO,PVO_20200102
UIO,UIO_20200102
ETR,ETR_20200102
SNC,SNC_20200102
TPC,TPC_20200102
TUA,TUA_20200102
ASU,ASU_20200102
AYO,AYO_20200102
CIO,CIO_20200102
ESG,ESG_20200102
PIL,PIL_20200102
AXM,AXM_20200102
PUU,PUU_20200102
ELB,ELB_20200102
BGA,BGA_20200102
BOG,BOG_20200102
BAQ,BAQ_20200102
BSC,BSC_20200102
BUN,BUN_20200102
CUC,CUC_20200102
CTG,CTG_20200102
CLO,CLO_20200102
TCO,TCO_20200102
CZU,CZU_20200102
EJA,EJA_20200102
FLA,FLA_20200102
GIR,GIR_20200102
GPI,GPI_20200102
IBE,IBE_20200102
IPI,IPI_20200102
APO,APO_20200102
MCJ,MCJ_20200102
LET,LET_20200102
EOH,EOH_20200102
MGN,MGN_20200102
MTR,MTR_20200102
MVP,MVP_20200102
MZL,MZL_20200102
NVA,NVA_20200102
OCV,OCV_20200102
OTU,OTU_20200102
PCR,PCR_20200102
PEI,PEI_20200102
PTX,PTX_20200102
PPN,PPN_20200102
PSO,PSO_20200102
PVA,PVA_20200102
MQU,MQU_20200102
MDE,MDE_20200102
RCH,RCH_20200102
SJE,SJE_20200102
SMR,SMR_20200102
ADZ,ADZ_20200102
SVI,SVI_20200102
TME,TME_20200102
AUC,AUC_20200102
UIB,UIB_20200102
ULQ,ULQ_20200102
VUP,VUP_20200102
VVC,VVC_20200102
BJO,BJO_20200102
CBB,CBB_20200102
CCA,CCA_20200102
CIJ,CIJ_20200102
LPB,LPB_20200102
ORU,ORU_20200102
POI,POI_20200102
PSZ,PSZ_20200102
SBL,SBL_20200102
SRE,SRE_20200102
TJA,TJA_20200102
TDD,TDD_20200102
VLM,VLM_20200102
VVI,VVI_20200102
BYC,BYC_20200102
PBM,PBM_20200102
CAY,CAY_20200102
OYP,OYP_20200102
AOP,AOP_20200102
IBP,IBP_20200102
PCL,PCL_20200102
CHM,CHM_20200102
CIX,CIX_20200102
AYP,AYP_20200102
ANS,ANS_20200102
ATA,ATA_20200102
LIM,LIM_20200102
JJI,JJI_20200102
JAU,JAU_20200102
JUL,JUL_20200102
ILQ,ILQ_20200102
TBP,TBP_20200102
YMS,YMS_20200102
CHH,CHH_20200102
IQT,IQT_20200102
AQP,AQP_20200102
TRU,TRU_20200102
PIO,PIO_20200102
TPP,TPP_20200102
TCQ,TCQ_20200102
PEM,PEM_20200102
PIU,PIU_20200102
TYL,TYL_20200102
CUZ,CUZ_20200102
DZO,DZO_20200102
MVD,MVD_20200102
STY,STY_20200102
AGV,AGV_20200102
AAO,AAO_20200102
BLA,BLA_20200102
BNS,BNS_20200102
BRM,BRM_20200102
CBL,CBL_20200102
CXA,CXA_20200102
CLZ,CLZ_20200102
CAJ,CAJ_20200102
VCR,VCR_20200102
CUP,CUP_20200102
CZE,CZE_20200102
CUM,CUM_20200102
EOR,EOR_20200102
EOZ,EOZ_20200102
GDO,GDO_20200102
GUI,GUI_20200102
GUQ,GUQ_20200102
HGE,HGE_20200102
ICC,ICC_20200102
LSP,LSP_20200102
LFR,LFR_20200102
MAR,MAR_20200102
MRD,MRD_20200102
PMV,PMV_20200102
CCS,CCS_20200102
MUN,MUN_20200102
PYH,PYH_20200102
PBL,PBL_20200102
SCI,SCI_20200102
PZO,PZO_20200102
PTM,PTM_20200102
SVZ,SVZ_20200102
SBB,SBB_20200102
SNV,SNV_20200102
STD,STD_20200102
SNF,SNF_20200102
SFD,SFD_20200102
SOM,SOM_20200102
STB,STB_20200102
TUV,TUV_20200102
TMO,TMO_20200102
VLN,VLN_20200102
VLV,VLV_20200102
VDP,VDP_20200102
LTM,LTM_20200102
ANU,ANU_20200102
BGI,BGI_20200102
DCF,DCF_20200102
DOM,DOM_20200102
FDF,FDF_20200102
SFG,SFG_20200102
PTP,PTP_20200102
GND,GND_20200102
STT,STT_20200102
STX,STX_20200102
BQN,BQN_20200102
FAJ,FAJ_20200102
SIG,SIG_20200102
MAZ,MAZ_20200102
PSE,PSE_20200102
SJU,SJU_20200102
SKB,SKB_20200102
SLU,SLU_20200102
UVF,UVF_20200102
AUA,AUA_20200102
BON,BON_20200102
CUR,CUR_20200102
EUX,EUX_20200102
SXM,SXM_20200102
AXA,AXA_20200102
TAB,TAB_20200102
POS,POS_20200102
EIS,EIS_20200102
CIW,CIW_20200102
MQS,MQS_20200102
SVD,SVD_20200102
ALA,ALA_20200102
BXH,BXH_20200102
TSE,TSE_20200102
DMB,DMB_20200102
FRU,FRU_20200102
OSS,OSS_20200102
CIT,CIT_20200102
URA,URA_20200102
PWQ,PWQ_20200102
PLX,PLX_20200102
AKX,AKX_20200102
GYD,GYD_20200102
YKS,YKS_20200102
MJZ,MJZ_20200102
BQS,BQS_20200102
KHV,KHV_20200102
PVS,PVS_20200102
GDX,GDX_20200102
PWE,PWE_20200102
PKC,PKC_20200102
UUS,UUS_20200102
VVO,VVO_20200102
HTA,HTA_20200102
BTK,BTK_20200102
IKT,IKT_20200102
UUD,UUD_20200102
KBP,KBP_20200102
DOK,DOK_20200102
DNK,DNK_20200102
SIP,SIP_20200102
IEV,IEV_20200102
LWO,LWO_20200102
ODS,ODS_20200102
LED,LED_20200102
MMK,MMK_20200102
GME,GME_20200102
VTB,VTB_20200102
KGD,KGD_20200102
MHP,MHP_20200102
MSQ,MSQ_20200102
ABA,ABA_20200102
BAX,BAX_20200102
KEJ,KEJ_20200102
OMS,OMS_20200102
KRR,KRR_20200102
MCX,MCX_20200102
MRV,MRV_20200102
STW,STW_20200102
ROV,ROV_20200102
AER,AER_20200102
ASF,ASF_20200102
VOG,VOG_20200102
CEK,CEK_20200102
MQF,MQF_20200102
NJC,NJC_20200102
PEE,PEE_20200102
SGC,SGC_20200102
SVX,SVX_20200102
ASB,ASB_20200102
KRW,KRW_20200102
CRZ,CRZ_20200102
DYU,DYU_20200102
BHK,BHK_20200102
SKD,SKD_20200102
TAS,TAS_20200102
BZK,BZK_20200102
SVO,SVO_20200102
KLD,KLD_20200102
VOZ,VOZ_20200102
VKO,VKO_20200102
SCW,SCW_20200102
KZN,KZN_20200102
REN,REN_20200102
UFA,UFA_20200102
KUF,KUF_20200102
KZC,KZC_20200102
PNH,PNH_20200102
REP,REP_20200102
TNX,TNX_20200102
CXB,CXB_20200102
CGP,CGP_20200102
IRD,IRD_20200102
JSR,JSR_20200102
RJH,RJH_20200102
SPD,SPD_20200102
ZYL,ZYL_20200102
DAC,DAC_20200102
HKG,HKG_20200102
LPQ,LPQ_20200102
PKZ,PKZ_20200102
ZVK,ZVK_20200102
NEU,NEU_20200102
VTE,VTE_20200102
MFM,MFM_20200102
PBH,PBH_20200102
MLE,MLE_20200102
DMK,DMK_20200102
Kday,Kday_20200102
UTP,UTP_20200102
LPT,LPT_20200102
PRH,PRH_20200102
HHQ,HHQ_20200102
TKH,TKH_20200102
PHS,PHS_20200102
NAW,NAW_20200102
KBV,KBV_20200102
SGZ,SGZ_20200102
PAN,PAN_20200102
USM,USM_20200102
HKT,HKT_20200102
UNN,UNN_20200102
HDY,HDY_20200102
TST,TST_20200102
UTH,UTH_20200102
SNO,SNO_20200102
PXR,PXR_20200102
LOE,LOE_20200102
DAD,DAD_20200102
HAN,HAN_20200102
NHA,NHA_20200102
HUI,HUI_20200102
PQC,PQC_20200102
SGN,SGN_20200102
UPG,UPG_20200102
BIK,BIK_20200102
NBX,NBX_20200102
TIM,TIM_20200102
DJJ,DJJ_20200102
WMX,WMX_20200102
MKQ,MKQ_20200102
GTO,GTO_20200102
PLW,PLW_20200102
MDC,MDC_20200102
PSJ,PSJ_20200102
OTI,OTI_20200102
TTE,TTE_20200102
LUW,LUW_20200102
FKQ,FKQ_20200102
KNG,KNG_20200102
BXB,BXB_20200102
MKW,MKW_20200102
SOQ,SOQ_20200102
BTU,BTU_20200102
KCH,KCH_20200102
LMN,LMN_20200102
MUR,MUR_20200102
MYY,MYY_20200102
SBW,SBW_20200102
LDU,LDU_20200102
BKI,BKI_20200102
LBU,LBU_20200102
TWU,TWU_20200102
BWN,BWN_20200102
PKU,PKU_20200102
DUM,DUM_20200102
CGK,CGK_20200102
GNS,GNS_20200102
AEG,AEG_20200102
PDG,PDG_20200102
MES,MES_20200102
FLZ,FLZ_20200102
NPO,NPO_20200102
KTG,KTG_20200102
PNK,PNK_20200102
DJB,DJB_20200102
BKS,BKS_20200102
PLM,PLM_20200102
RGT,RGT_20200102
LSX,LSX_20200102
BTJ,BTJ_20200102
AOR,AOR_20200102
BWH,BWH_20200102
KBR,KBR_20200102
KUA,KUA_20200102
KTE,KTE_20200102
IPH,IPH_20200102
JHB,JHB_20200102
KUL,KUL_20200102
LGK,LGK_20200102
MKZ,MKZ_20200102
TGG,TGG_20200102
PEN,PEN_20200102
UAI,UAI_20200102
DIL,DIL_20200102
BCH,BCH_20200102
QPG,QPG_20200102
TGA,TGA_20200102
XSP,XSP_20200102
SIN,SIN_20200102
ACF,ACF_20200102
ABM,ABM_20200102
BNE,BNE_20200102
OOL,OOL_20200102
CNS,CNS_20200102
CTL,CTL_20200102
ISA,ISA_20200102
MCY,MCY_20200102
MKY,MKY_20200102
PPP,PPP_20200102
ROK,ROK_20200102
TSV,TSV_20200102
WEI,WEI_20200102
AVV,AVV_20200102
ABX,ABX_20200102
MEB,MEB_20200102
HBA,HBA_20200102
LST,LST_20200102
MBW,MBW_20200102
MEL,MEL_20200102
JAD,JAD_20200102
KTA,KTA_20200102
KGI,KGI_20200102
KNX,KNX_20200102
LEA,LEA_20200102
PHE,PHE_20200102
PER,PER_20200102
XCH,XCH_20200102
BWU,BWU_20200102
CBR,CBR_20200102
CFS,CFS_20200102
CDU,CDU_20200102
DBO,DBO_20200102
NLK,NLK_20200102
XRH,XRH_20200102
SYD,SYD_20200102
TMW,TMW_20200102
WGA,WGA_20200102
PEK,PEK_20200102
HLD,HLD_20200102
TSN,TSN_20200102
TYN,TYN_20200102
CAN,CAN_20200102
CSX,CSX_20200102
KWL,KWL_20200102
NNG,NNG_20200102
SZX,SZX_20200102
CGO,CGO_20200102
WUH,WUH_20200102
LHW,LHW_20200102
XIY,XIY_20200102
ULN,ULN_20200102
JHG,JHG_20200102
KMG,KMG_20200102
XMN,XMN_20200102
KHN,KHN_20200102
FOC,FOC_20200102
HGH,HGH_20200102
NGB,NGB_20200102
NKG,NKG_20200102
HFE,HFE_20200102
TAO,TAO_20200102
SHA,SHA_20200102
YNT,YNT_20200102
CKG,CKG_20200102
KWE,KWE_20200102
CTU,CTU_20200102
XIC,XIC_20200102
KHG,KHG_20200102
HTN,HTN_20200102
URC,URC_20200102
HRB,HRB_20200102
MDG,MDG_20200102
DLC,DLC_20200102
PVG,PVG_20200102
TOD,TOD_20200102
SZB,SZB_20200102
NTQ,NTQ_20200102
HBE,HBE_20200102
BTI,BTI_20200102
LUR,LUR_20200102
PIZ,PIZ_20200102
ITO,ITO_20200102
ORL,ORL_20200102
BTT,BTT_20200102
UTO,UTO_20200102
FYU,FYU_20200102
SVW,SVW_20200102
FRN,FRN_20200102
TLJ,TLJ_20200102
CZF,CZF_20200102
BED,BED_20200102
SNP,SNP_20200102
EHM,EHM_20200102
STG,STG_20200102
ILI,ILI_20200102
PTU,PTU_20200102
BMX,BMX_20200102
OSC,OSC_20200102
OAR,OAR_20200102
MHR,MHR_20200102
BYS,BYS_20200102
FSM,FSM_20200102
MRI,MRI_20200102
GNT,GNT_20200102
PNC,PNC_20200102
SVN,SVN_20200102
GFK,GFK_20200102
NSE,NSE_20200102
HNM,HNM_20200102
PRC,PRC_20200102
TTN,TTN_20200102
BOS,BOS_20200102
SUU,SUU_20200102
RME,RME_20200102
ENV,ENV_20200102
BFM,BFM_20200102
OAK,OAK_20200102
OMA,OMA_20200102
OGG,OGG_20200102
ICT,ICT_20200102
MCI,MCI_20200102
MSN,MSN_20200102
DLG,DLG_20200102
HRO,HRO_20200102
PHX,PHX_20200102
BGR,BGR_20200102
FXE,FXE_20200102
GGG,GGG_20200102
AND,AND_20200102
GEG,GEG_20200102
HWO,HWO_20200102
SFO,SFO_20200102
CTB,CTB_20200102
ARA,ARA_20200102
GNV,GNV_20200102
MEM,MEM_20200102
DUG,DUG_20200102
BIG,BIG_20200102
CNW,CNW_20200102
ANN,ANN_20200102
CAR,CAR_20200102
LRF,LRF_20200102
HUA,HUA_20200102
POB,POB_20200102
DHT,DHT_20200102
DLF,DLF_20200102
LAX,LAX_20200102
ANB,ANB_20200102
CLE,CLE_20200102
DOV,DOV_20200102
CVG,CVG_20200102
FME,FME_20200102
HON,HON_20200102
JNU,JNU_20200102
LFT,LFT_20200102
EWR,EWR_20200102
BOI,BOI_20200102
INS,INS_20200102
GCK,GCK_20200102
MOT,MOT_20200102
HHI,HHI_20200102
MXF,MXF_20200102
DAL,DAL_20200102
FCS,FCS_20200102
HLN,HLN_20200102
NKX,NKX_20200102
LUF,LUF_20200102
HHR,HHR_20200102
HUL,HUL_20200102
END,END_20200102
NTD,NTD_20200102
EDW,EDW_20200102
LCH,LCH_20200102
KOA,KOA_20200102
MYR,MYR_20200102
NLC,NLC_20200102
ACK,ACK_20200102
FAF,FAF_20200102
HOP,HOP_20200102
DCA,DCA_20200102
NHK,NHK_20200102
PSX,PSX_20200102
BYH,BYH_20200102
ACY,ACY_20200102
TIK,TIK_20200102
ECG,ECG_20200102
PUB,PUB_20200102
PQI,PQI_20200102
GRF,GRF_20200102
ADQ,ADQ_20200102
UPP,UPP_20200102
FLL,FLL_20200102
INL,INL_20200102
SLC,SLC_20200102
CDS,CDS_20200102
BIX,BIX_20200102
LSF,LSF_20200102
NQI,NQI_20200102
FRI,FRI_20200102
Mday,Mday_20200102
LNK,LNK_20200102
LAN,LAN_20200102
MUE,MUE_20200102
MSS,MSS_20200102
HKY,HKY_20200102
SPG,SPG_20200102
FMY,FMY_20200102
IAH,IAH_20200102
ADW,ADW_20200102
INT,INT_20200102
VCV,VCV_20200102
CEW,CEW_20200102
PHN,PHN_20200102
BFL,BFL_20200102
ELP,ELP_20200102
HRL,HRL_20200102
CAE,CAE_20200102
DMA,DMA_20200102
NPA,NPA_20200102
PNS,PNS_20200102
RDR,RDR_20200102
HOU,HOU_20200102
BFK,BFK_20200102
ORT,ORT_20200102
PAQ,PAQ_20200102
PIT,PIT_20200102
BRW,BRW_20200102
EFD,EFD_20200102
NUW,NUW_20200102
ALI,ALI_20200102
VAD,VAD_20200102
MIA,MIA_20200102
SEA,SEA_20200102
CHA,CHA_20200102
BDR,BDR_20200102
JAN,JAN_20200102
GLS,GLS_20200102
LGB,LGB_20200102
HDH,HDH_20200102
IPT,IPT_20200102
IND,IND_20200102
SZL,SZL_20200102
AKC,AKC_20200102
GWO,GWO_20200102
HPN,HPN_20200102
FOK,FOK_20200102
JBR,JBR_20200102
XSD,XSD_20200102
LNA,LNA_20200102
NZY,NZY_20200102
BIF,BIF_20200102
YUM,YUM_20200102
CNM,CNM_20200102
DLH,DLH_20200102
BET,BET_20200102
LOU,LOU_20200102
FHU,FHU_20200102
LIH,LIH_20200102
HVR,HVR_20200102
MWH,MWH_20200102
MPV,MPV_20200102
RIC,RIC_20200102
SHV,SHV_20200102
CDV,CDV_20200102
ORF,ORF_20200102
BPT,BPT_20200102
SAV,SAV_20200102
HIF,HIF_20200102
OME,OME_20200102
PIE,PIE_20200102
MNM,MNM_20200102
CXO,CXO_20200102
SCC,SCC_20200102
SAT,SAT_20200102
ROC,ROC_20200102
COF,COF_20200102
TEB,TEB_20200102
RCA,RCA_20200102
RDU,RDU_20200102
DAY,DAY_20200102
ENA,ENA_20200102
MLC,MLC_20200102
IAG,IAG_20200102
CFD,CFD_20200102
LIY,LIY_20200102
PHF,PHF_20200102
ESF,ESF_20200102
LTS,LTS_20200102
TUS,TUS_20200102
MIB,MIB_20200102
BAB,BAB_20200102
IKK,IKK_20200102
GSB,GSB_20200102
PVD,PVD_20200102
SBY,SBY_20200102
BUR,BUR_20200102
dayW,dayW_20200102
TPA,TPA_20200102
PMB,PMB_20200102
POE,POE_20200102
EIL,EIL_20200102
HIB,HIB_20200102
LFK,LFK_20200102
MAF,MAF_20200102
GRB,GRB_20200102
ADM,ADM_20200102
WRI,WRI_20200102
AGS,AGS_20200102
ISN,ISN_20200102
LIT,LIT_20200102
SWF,SWF_20200102
BDE,BDE_20200102
SAC,SAC_20200102
HOM,HOM_20200102
TBN,TBN_20200102
MGE,MGE_20200102
SKA,SKA_20200102
HTL,HTL_20200102
PAM,PAM_20200102
DFW,DFW_20200102
MLB,MLB_20200102
TCM,TCM_20200102
AUS,AUS_20200102
LCK,LCK_20200102
MQT,MQT_20200102
TYS,TYS_20200102
HLR,HLR_20200102
STL,STL_20200102
MIV,MIV_20200102
SPS,SPS_20200102
LUK,LUK_20200102
ATL,ATL_20200102
MER,MER_20200102
MCC,MCC_20200102
GRR,GRR_20200102
INK,INK_20200102
FAT,FAT_20200102
VRB,VRB_20200102
IPL,IPL_20200102
BNA,BNA_20200102
LRD,LRD_20200102
EDF,EDF_20200102
OTZ,OTZ_20200102
AOO,AOO_20200102
DYS,DYS_20200102
ELD,ELD_20200102
LGA,LGA_20200102
TLH,TLH_20200102
DPA,DPA_20200102
ACT,ACT_20200102
AUG,AUG_20200102
NIP,NIP_20200102
MKL,MKL_20200102
MKK,MKK_20200102
FTK,FTK_20200102
SJT,SJT_20200102
CXL,CXL_20200102
CIC,CIC_20200102
BTV,BTV_20200102
JAX,JAX_20200102
DRO,DRO_20200102
IAD,IAD_20200102
CLL,CLL_20200102
SFF,SFF_20200102
MKE,MKE_20200102
ABI,ABI_20200102
COU,COU_20200102
PDX,PDX_20200102
TNT,TNT_20200102
PBI,PBI_20200102
FTW,FTW_20200102
OGS,OGS_20200102
FMH,FMH_20200102
BFI,BFI_20200102
SKF,SKF_20200102
HNL,HNL_20200102
DSM,DSM_20200102
EWN,EWN_20200102
SAN,SAN_20200102
MLU,MLU_20200102
SSC,SSC_20200102
ONT,ONT_20200102
GVT,GVT_20200102
ROW,ROW_20200102
DET,DET_20200102
BRO,BRO_20200102
DHN,DHN_20200102
WWD,WWD_20200102
NFL,NFL_20200102
MTC,MTC_20200102
FMN,FMN_20200102
CRP,CRP_20200102
SYR,SYR_20200102
NQX,NQX_20200102
MDW,MDW_20200102
SJC,SJC_20200102
HOB,HOB_20200102
PNE,PNE_20200102
DEN,DEN_20200102
PHL,PHL_20200102
SUX,SUX_20200102
MCN,MCN_20200102
TCS,TCS_20200102
PMD,PMD_20200102
RND,RND_20200102
NJK,NJK_20200102
CMH,CMH_20200102
FYV,FYV_20200102
FSI,FSI_20200102
FFO,FFO_20200102
GAL,GAL_20200102
MWL,MWL_20200102
IAB,IAB_20200102
NBG,NBG_20200102
BFT,BFT_20200102
TXK,TXK_20200102
PBG,PBG_20200102
APG,APG_20200102
TCC,TCC_20200102
ANC,ANC_20200102
GRK,GRK_20200102
BLI,BLI_20200102
NQA,NQA_20200102
EKN,EKN_20200102
HFD,HFD_20200102
SFZ,SFZ_20200102
MOB,MOB_20200102
NUQ,NUQ_20200102
SAF,SAF_20200102
BKH,BKH_20200102
DRI,DRI_20200102
BSF,BSF_20200102
OLS,OLS_20200102
MCF,MCF_20200102
BLV,BLV_20200102
OPF,OPF_20200102
DRT,DRT_20200102
RSW,RSW_20200102
AKN,AKN_20200102
MUI,MUI_20200102
JHM,JHM_20200102
JFK,JFK_20200102
HST,HST_20200102
RAL,RAL_20200102
FLV,FLV_20200102
WAL,WAL_20200102
HMN,HMN_20200102
NXX,NXX_20200102
CYS,CYS_20200102
SCK,SCK_20200102
CHS,CHS_20200102
RNO,RNO_20200102
KTN,KTN_20200102
YIP,YIP_20200102
VBG,VBG_20200102
BHM,BHM_20200102
NEL,NEL_20200102
SYA,SYA_20200102
LSV,LSV_20200102
RIV,RIV_20200102
MOD,MOD_20200102
SMF,SMF_20200102
UGN,UGN_20200102
COS,COS_20200102
BUF,BUF_20200102
SKY,SKY_20200102
PAE,PAE_20200102
MUO,MUO_20200102
CDC,CDC_20200102
BDL,BDL_20200102
MFE,MFE_20200102
NGU,NGU_20200102
CEF,CEF_20200102
LBB,LBB_20200102
ORD,ORD_20200102
BCT,BCT_20200102
FAI,FAI_20200102
CVS,CVS_20200102
NGF,NGF_20200102
OFF,OFF_20200102
GKN,GKN_20200102
ART,ART_20200102
PSP,PSP_20200102
AMA,AMA_20200102
FOD,FOD_20200102
BAD,BAD_20200102
FOE,FOE_20200102
COT,COT_20200102
ILM,ILM_20200102
BTR,BTR_20200102
TYR,TYR_20200102
BWI,BWI_20200102
HBR,HBR_20200102
LNY,LNY_20200102
AEX,AEX_20200102
WSD,WSD_20200102
CDB,CDB_20200102
TUL,TUL_20200102
SIT,SIT_20200102
ISP,ISP_20200102
MSP,MSP_20200102
ILG,ILG_20200102
DUT,DUT_20200102
MSY,MSY_20200102
PWM,PWM_20200102
OKC,OKC_20200102
ALB,ALB_20200102
VDZ,VDZ_20200102
LFI,LFI_20200102
SNA,SNA_20200102
CBM,CBM_20200102
TMB,TMB_20200102
NTU,NTU_20200102
GUS,GUS_20200102
CPR,CPR_20200102
VPS,VPS_20200102
SEM,SEM_20200102
EYW,EYW_20200102
CLT,CLT_20200102
LAS,LAS_20200102
MCO,MCO_20200102
FLO,FLO_20200102
GTF,GTF_20200102
YNG,YNG_20200102
FBK,FBK_20200102
WRB,WRB_20200102
BKK,BKK_20200102
NAH,NAH_20200102
MXB,MXB_20200102
SQR,SQR_20200102
TTR,TTR_20200102
KDI,KDI_20200102
SBG,SBG_20200102
TSY,TSY_20200102
MLG,MLG_20200102
BDO,BDO_20200102
CBN,CBN_20200102
JOG,JOG_20200102
CXP,CXP_20200102
PCB,PCB_20200102
SRG,SRG_20200102
BTH,BTH_20200102
TJQ,TJQ_20200102
PGK,PGK_20200102
TNJ,TNJ_20200102
SIQ,SIQ_20200102
BDJ,BDJ_20200102
BTW,BTW_20200102
PKN,PKN_20200102
PKY,PKY_20200102
MOF,MOF_20200102
ENE,ENE_20200102
RTG,RTG_20200102
KOE,KOE_20200102
LBJ,LBJ_20200102
BPN,BPN_20200102
TRK,TRK_20200102
SRI,SRI_20200102
TSX,TSX_20200102
AMI,AMI_20200102
BMU,BMU_20200102
WGP,WGP_20200102
SUB,SUB_20200102
SOC,SOC_20200102
ICN,ICN_20200102
CNX,CNX_20200102
CEI,CEI_20200102
NST,NST_20200102
NAK,NAK_20200102
KOP,KOP_20200102
UBP,UBP_20200102
KKC,KKC_20200102
THS,THS_20200102
DPS,DPS_20200102
ATH,ATH_20200102
NGO,NGO_20200102
UKB,UKB_20200102
PUW,PUW_20200102
LWS,LWS_20200102
ELM,ELM_20200102
ITH,ITH_20200102
MRY,MRY_20200102
SBA,SBA_20200102
DAB,DAB_20200102
LPX,LPX_20200102
RIX,RIX_20200102
SQQ,SQQ_20200102
HLJ,HLJ_20200102
KUN,KUN_20200102
PLQ,PLQ_20200102
VNO,VNO_20200102
PNV,PNV_20200102
EVN,EVN_20200102
LWN,LWN_20200102
ASA,ASA_20200102
ASM,ASM_20200102
MSW,MSW_20200102
GZA,GZA_20200102
BUS,BUS_20200102
KUT,KUT_20200102
TBS,TBS_20200102
RIY,RIY_20200102
TAI,TAI_20200102
HOD,HOD_20200102
ADE,ADE_20200102
AXK,AXK_20200102
AAY,AAY_20200102
SAH,SAH_20200102
BHN,BHN_20200102
SCT,SCT_20200102
FMM,FMM_20200102
NAV,NAV_20200102
EZE,EZE_20200102
EBL,EBL_20200102
EMD,EMD_20200102
HEW,HEW_20200102
KIX,KIX_20200102
JRB,JRB_20200102
TAG,TAG_20200102
JAV,JAV_20200102
JCH,JCH_20200102
JEG,JEG_20200102
PMI,PMI_20200102
URT,URT_20200102
TKA,TKA_20200102
GZM,GZM_20200102
HVN,HVN_20200102
AVL,AVL_20200102
GSO,GSO_20200102
FSD,FSD_20200102
MHT,MHT_20200102
APF,APF_20200102
RDN,RDN_20200102
SDF,SDF_20200102
CHO,CHO_20200102
ROA,ROA_20200102
LEX,LEX_20200102
EVV,EVV_20200102
ABQ,ABQ_20200102
BZN,BZN_20200102
BIL,BIL_20200102
BTM,BTM_20200102
TVC,TVC_20200102
FRS,FRS_20200102
BHB,BHB_20200102
RKD,RKD_20200102
JAC,JAC_20200102
RFD,RFD_20200102
DME,DME_20200102
SYX,SYX_20200102
MFN,MFN_20200102
LJG,LJG_20200102
GSP,GSP_20200102
BMI,BMI_20200102
GPT,GPT_20200102
AZO,AZO_20200102
TOL,TOL_20200102
FWA,FWA_20200102
DEC,DEC_20200102
CID,CID_20200102
LSE,LSE_20200102
CWA,CWA_20200102
PIA,PIA_20200102
ATW,ATW_20200102
RST,RST_20200102
CMI,CMI_20200102
MHK,MHK_20200102
HVB,HVB_20200102
DLU,DLU_20200102
MZV,MZV_20200102
SSH,SSH_20200102
FKL,FKL_20200102
NBO,NBO_20200102
SEU,SEU_20200102
FTE,FTE_20200102
ARM,ARM_20200102
GJT,GJT_20200102
SGU,SGU_20200102
DWH,DWH_20200102
SRQ,SRQ_20200102
BDA,BDA_20200102
VNY,VNY_20200102
MLI,MLI_20200102
PFN,PFN_20200102
HIR,HIR_20200102
PPT,PPT_20200102
INU,INU_20200102
FUN,FUN_20200102
OVB,OVB_20200102
XKH,XKH_20200102
BIS,BIS_20200102
TEX,TEX_20200102
HGN,HGN_20200102
RAP,RAP_20200102
CLD,CLD_20200102
FNT,FNT_20200102
DVO,DVO_20200102
FNC,FNC_20200102
STM,STM_20200102
KOS,KOS_20200102
YOA,YOA_20200102
NPE,NPE_20200102
LEV,LEV_20200102
LXA,LXA_20200102
RDD,RDD_20200102
EUG,EUG_20200102
IDA,IDA_20200102
MFR,MFR_20200102
KBZ,KBZ_20200102
RDM,RDM_20200102
PCN,PCN_20200102
WDH,WDH_20200102
YWH,YWH_20200102
TNA,TNA_20200102
CZX,CZX_20200102
YBP,YBP_20200102
TJM,TJM_20200102
CAK,CAK_20200102
HSV,HSV_20200102
PKB,PKB_20200102
MGM,MGM_20200102
TRI,TRI_20200102
PAH,PAH_20200102
JIB,JIB_20200102
HAK,HAK_20200102
MFA,MFA_20200102
PGA,PGA_20200102
UII,UII_20200102
FCA,FCA_20200102
MBS,MBS_20200102
BGM,BGM_20200102
BGW,BGW_20200102
NNT,NNT_20200102
ROI,ROI_20200102
BFV,BFV_20200102
TDX,TDX_20200102
BLH,BLH_20200102
IQA,IQA_20200102
TQD,TQD_20200102
XQC,XQC_20200102
CRK,CRK_20200102
SDK,SDK_20200102
LXG,LXG_20200102
ODY,ODY_20200102
SHE,SHE_20200102
DOY,DOY_20200102
MNI,MNI_20200102
PSG,PSG_20200102
LYA,LYA_20200102
XUZ,XUZ_20200102
DLI,DLI_20200102
VDH,VDH_20200102
VKG,VKG_20200102
CAH,CAH_20200102
VCL,VCL_20200102
TBB,TBB_20200102
PYY,PYY_20200102
BWK,BWK_20200102
NSI,NSI_20200102
CKY,CKY_20200102
AAH,AAH_20200102
FKB,FKB_20200102
SFB,SFB_20200102
JST,JST_20200102
MWX,MWX_20200102
JTY,JTY_20200102
JIK,JIK_20200102
JKL,JKL_20200102
MLO,MLO_20200102
JNX,JNX_20200102
PAS,PAS_20200102
KZS,KZS_20200102
RMF,RMF_20200102
NRN,NRN_20200102
USU,USU_20200102
BXU,BXU_20200102
DPL,DPL_20200102
LAO,LAO_20200102
LGP,LGP_20200102
OZC,OZC_20200102
CEB,CEB_20200102
NOD,NOD_20200102
JUI,JUI_20200102
BPS,BPS_20200102
QIG,QIG_20200102
PMW,PMW_20200102
CLV,CLV_20200102
MSO,MSO_20200102
BKQ,BKQ_20200102
BDB,BDB_20200102
GCN,GCN_20200102
SGR,SGR_20200102
APA,APA_20200102
CVN,CVN_20200102
FST,FST_20200102
LVS,LVS_20200102
IWS,IWS_20200102
LRU,LRU_20200102
BKD,BKD_20200102
TPL,TPL_20200102
OZA,OZA_20200102
KDM,KDM_20200102
LAK,LAK_20200102
YWJ,YWJ_20200102
ZFN,ZFN_20200102
YGH,YGH_20200102
TAH,TAH_20200102
YPC,YPC_20200102
SRZ,SRZ_20200102
SAB,SAB_20200102
EGE,EGE_20200102
SKN,SKN_20200102
CGF,CGF_20200102
MFD,MFD_20200102
CSG,CSG_20200102
LAW,LAW_20200102
FNL,FNL_20200102
FLG,FLG_20200102
TVL,TVL_20200102
TWF,TWF_20200102
MVY,MVY_20200102
CON,CON_20200102
GON,GON_20200102
STC,STC_20200102
BPE,BPE_20200102
GTR,GTR_20200102
GOJ,GOJ_20200102
HQM,HQM_20200102
ERI,ERI_20200102
HYA,HYA_20200102
SPR,SPR_20200102
SDX,SDX_20200102
MGW,MGW_20200102
CRW,CRW_20200102
AVP,AVP_20200102
BJI,BJI_20200102
THG,THG_20200102
FGI,FGI_20200102
BNK,BNK_20200102
FAR,FAR_20200102
MKC,MKC_20200102
RBE,RBE_20200102
GCC,GCC_20200102
TOF,TOF_20200102
NZJ,NZJ_20200102
PHY,PHY_20200102
CJM,CJM_20200102
JZH,JZH_20200102
SWA,SWA_20200102
GEO,GEO_20200102
AGT,AGT_20200102
OGL,OGL_20200102
KAI,KAI_20200102
DNH,DNH_20200102
AOI,AOI_20200102
TCP,TCP_20200102
LYB,LYB_20200102
BJV,BJV_20200102
TBJ,TBJ_20200102
SAW,SAW_20200102
SCE,SCE_20200102
BME,BME_20200102
NTL,NTL_20200102
KLU,KLU_20200102
HFT,HFT_20200102
HVG,HVG_20200102
MEH,MEH_20200102
VDS,VDS_20200102
UIK,UIK_20200102
MEI,MEI_20200102
SPI,SPI_20200102
CEZ,CEZ_20200102
HDN,HDN_20200102
GUP,GUP_20200102
LBL,LBL_20200102
LAA,LAA_20200102
GLD,GLD_20200102
COD,COD_20200102
ISC,ISC_20200102
SGF,SGF_20200102
NVK,NVK_20200102
BVG,BVG_20200102
NSK,NSK_20200102
AAQ,AAQ_20200102
JLN,JLN_20200102
ABE,ABE_20200102
XNA,XNA_20200102
GUW,GUW_20200102
KZO,KZO_20200102
SBN,SBN_20200102
BKA,BKA_20200102
ARH,ARH_20200102
RTW,RTW_20200102
NUX,NUX_20200102
NOJ,NOJ_20200102
SCO,SCO_20200102
UCT,UCT_20200102
USK,USK_20200102
PEX,PEX_20200102
NNM,NNM_20200102
PKV,PKV_20200102
KGP,KGP_20200102
KJA,KJA_20200102
KGF,KGF_20200102
URJ,URJ_20200102
IWA,IWA_20200102
CGQ,CGQ_20200102
KIJ,KIJ_20200102
JON,JON_20200102
SMD,SMD_20200102
ACV,ACV_20200102
OAJ,OAJ_20200102
TCL,TCL_20200102
DBQ,DBQ_20200102
HHP,HHP_20200102
ATD,ATD_20200102
AKS,AKS_20200102
BAS,BAS_20200102
FRE,FRE_20200102
MBU,MBU_20200102
IRA,IRA_20200102
SCZ,SCZ_20200102
MUA,MUA_20200102
GZO,GZO_20200102
MNY,MNY_20200102
RNL,RNL_20200102
RUS,RUS_20200102
VAO,VAO_20200102
KGE,KGE_20200102
RBV,RBV_20200102
BUA,BUA_20200102
CMU,CMU_20200102
DAU,DAU_20200102
GUR,GUR_20200102
PNP,PNP_20200102
HKN,HKN_20200102
UNG,UNG_20200102
KRI,KRI_20200102
KMA,KMA_20200102
KVG,KVG_20200102
MDU,MDU_20200102
MAS,MAS_20200102
MXH,MXH_20200102
MIS,MIS_20200102
TIZ,TIZ_20200102
TBG,TBG_20200102
RAB,RAB_20200102
VAI,VAI_20200102
WBM,WBM_20200102
LLU,LLU_20200102
CNP,CNP_20200102
JFR,JFR_20200102
JGO,JGO_20200102
JJU,JJU_20200102
JSU,JSU_20200102
JNN,JNN_20200102
JNS,JNS_20200102
NAQ,NAQ_20200102
JHS,JHS_20200102
JUV,JUV_20200102
JQA,JQA_20200102
GRY,GRY_20200102
THO,THO_20200102
VPN,VPN_20200102
YWS,YWS_20200102
YAA,YAA_20200102
YRG,YRG_20200102
YCK,YCK_20200102
YLE,YLE_20200102
SUR,SUR_20200102
YAX,YAX_20200102
WNN,WNN_20200102
YNO,YNO_20200102
XBE,XBE_20200102
KIF,KIF_20200102
YOG,YOG_20200102
YHP,YHP_20200102
YKU,YKU_20200102
ZTB,ZTB_20200102
ZLT,ZLT_20200102
YAC,YAC_20200102
YAG,YAG_20200102
XKS,XKS_20200102
YKG,YKG_20200102
YAT,YAT_20200102
YBE,YBE_20200102
YBX,YBX_20200102
YRF,YRF_20200102
YCS,YCS_20200102
YDP,YDP_20200102
YER,YER_20200102
YFA,YFA_20200102
YFH,YFH_20200102
YMN,YMN_20200102
YGB,YGB_20200102
YGO,YGO_20200102
YGT,YGT_20200102
YGW,YGW_20200102
YGX,YGX_20200102
YGZ,YGZ_20200102
YQC,YQC_20200102
CXH,CXH_20200102
YNS,YNS_20200102
YHO,YHO_20200102
YHR,YHR_20200102
YIK,YIK_20200102
YIV,YIV_20200102
AKV,AKV_20200102
YKQ,YKQ_20200102
YPJ,YPJ_20200102
YLC,YLC_20200102
YLH,YLH_20200102
XGR,XGR_20200102
YMT,YMT_20200102
YUD,YUD_20200102
YNC,YNC_20200102
YNE,YNE_20200102
YNL,YNL_20200102
YOH,YOH_20200102
YPH,YPH_20200102
YPM,YPM_20200102
YPO,YPO_20200102
YPW,YPW_20200102
YQD,YQD_20200102
YQN,YQN_20200102
YRA,YRA_20200102
YRL,YRL_20200102
YSF,YSF_20200102
YSK,YSK_20200102
YST,YST_20200102
YTL,YTL_20200102
YVZ,YVZ_20200102
YWP,YWP_20200102
YXN,YXN_20200102
YZG,YZG_20200102
ZAC,ZAC_20200102
ILF,ILF_20200102
ZBF,ZBF_20200102
ZEM,ZEM_20200102
ZFD,ZFD_20200102
ZGI,ZGI_20200102
ZJN,ZJN_20200102
ZKE,ZKE_20200102
MSA,MSA_20200102
ZMT,ZMT_20200102
ZPB,ZPB_20200102
ZRJ,ZRJ_20200102
ZSJ,ZSJ_20200102
ZTM,ZTM_20200102
ZUM,ZUM_20200102
ZWL,ZWL_20200102
BLJ,BLJ_20200102
CBH,CBH_20200102
BMW,BMW_20200102
ELU,ELU_20200102
KMS,KMS_20200102
HDF,HDF_20200102
HEI,HEI_20200102
HGL,HGL_20200102
SJY,SJY_20200102
NQT,NQT_20200102
CAL,CAL_20200102
EOI,EOI_20200102
FIE,FIE_20200102
NRL,NRL_20200102
PPW,PPW_20200102
SOY,SOY_20200102
NDY,NDY_20200102
LWK,LWK_20200102
WRY,WRY_20200102
LEQ,LEQ_20200102
PZE,PZE_20200102
VLY,VLY_20200102
BRR,BRR_20200102
CFN,CFN_20200102
CNL,CNL_20200102
LKN,LKN_20200102
OSY,OSY_20200102
RET,RET_20200102
SDN,SDN_20200102
SOG,SOG_20200102
SVJ,SVJ_20200102
SOJ,SOJ_20200102
VRY,VRY_20200102
BZG,BZG_20200102
LCJ,LCJ_20200102
OSD,OSD_20200102
HFS,HFS_20200102
KSD,KSD_20200102
TYF,TYF_20200102
AGH,AGH_20200102
SQO,SQO_20200102
HMV,HMV_20200102
VNT,VNT_20200102
QRA,QRA_20200102
MQP,MQP_20200102
AAM,AAM_20200102
MBD,MBD_20200102
GNZ,GNZ_20200102
ORP,ORP_20200102
SWX,SWX_20200102
TLD,TLD_20200102
DIS,DIS_20200102
CIP,CIP_20200102
YVA,YVA_20200102
WAQ,WAQ_20200102
JVA,JVA_20200102
BMD,BMD_20200102
MXT,MXT_20200102
TVA,TVA_20200102
WTA,WTA_20200102
WTS,WTS_20200102
WAM,WAM_20200102
WPB,WPB_20200102
DWB,DWB_20200102
WMP,WMP_20200102
WMA,WMA_20200102
MJA,MJA_20200102
CBT,CBT_20200102
DUE,DUE_20200102
VPE,VPE_20200102
MSZ,MSZ_20200102
KOU,KOU_20200102
MJL,MJL_20200102
TCH,TCH_20200102
VPY,VPY_20200102
SRH,SRH_20200102
CMK,CMK_20200102
LUD,LUD_20200102
OND,OND_20200102
OMD,OMD_20200102
SWP,SWP_20200102
ERS,ERS_20200102
BOA,BOA_20200102
MAT,MAT_20200102
INO,INO_20200102
NIO,NIO_20200102
KRZ,KRZ_20200102
BSU,BSU_20200102
TSH,TSH_20200102
LJA,LJA_20200102
PFR,PFR_20200102
OUK,OUK_20200102
GMZ,GMZ_20200102
BTE,BTE_20200102
KBS,KBS_20200102
KEN,KEN_20200102
OXB,OXB_20200102
SMW,SMW_20200102
VIL,VIL_20200102
ESU,ESU_20200102
EUN,EUN_20200102
NDR,NDR_20200102
BCO,BCO_20200102
BEI,BEI_20200102
DSE,DSE_20200102
DEM,DEM_20200102
GDE,GDE_20200102
GOR,GOR_20200102
ABK,ABK_20200102
MTF,MTF_20200102
TIE,TIE_20200102
ALU,ALU_20200102
BSA,BSA_20200102
MGQ,MGQ_20200102
GLK,GLK_20200102
BUO,BUO_20200102
AAC,AAC_20200102
ATZ,ATZ_20200102
ASV,ASV_20200102
LKG,LKG_20200102
MYD,MYD_20200102
NYK,NYK_20200102
SRX,SRX_20200102
TOB,TOB_20200102
MJI,MJI_20200102
LAQ,LAQ_20200102
ATB,ATB_20200102
UYL,UYL_20200102
PZU,PZU_20200102
BKZ,BKZ_20200102
TKQ,TKQ_20200102
LDI,LDI_20200102
MUZ,MUZ_20200102
SHY,SHY_20200102
TBO,TBO_20200102
RUA,RUA_20200102
ULU,ULU_20200102
ABR,ABR_20200102
ABY,ABY_20200102
AHN,AHN_20200102
ALM,ALM_20200102
ALO,ALO_20200102
ALW,ALW_20200102
APN,APN_20200102
ATY,ATY_20200102
BFD,BFD_20200102
BFF,BFF_20200102
BKW,BKW_20200102
BQK,BQK_20200102
BRL,BRL_20200102
CEC,CEC_20200102
CGI,CGI_20200102
CIU,CIU_20200102
CKB,CKB_20200102
CLM,CLM_20200102
CMX,CMX_20200102
DDC,DDC_20200102
DUJ,DUJ_20200102
EAU,EAU_20200102
EKO,EKO_20200102
EWB,EWB_20200102
FAY,FAY_20200102
GGW,GGW_20200102
GRI,GRI_20200102
HOT,HOT_20200102
HTS,HTS_20200102
KIO,KIO_20200102
IRK,IRK_20200102
JMS,JMS_20200102
LAR,LAR_20200102
LBE,LBE_20200102
LBF,LBF_20200102
LEB,LEB_20200102
LMT,LMT_20200102
LNS,LNS_20200102
LWT,LWT_20200102
LYH,LYH_20200102
MKG,MKG_20200102
MLS,MLS_20200102
MSL,MSL_20200102
OTH,OTH_20200102
OWB,OWB_20200102
PIB,PIB_20200102
PIH,PIH_20200102
PIR,PIR_20200102
PLN,PLN_20200102
PSM,PSM_20200102
RDG,RDG_20200102
RHI,RHI_20200102
RKS,RKS_20200102
RUT,RUT_20200102
SBP,SBP_20200102
SHR,SHR_20200102
SLK,SLK_20200102
SLN,SLN_20200102
SMX,SMX_20200102
TUP,TUP_20200102
UIN,UIN_20200102
VCT,VCT_20200102
VLD,VLD_20200102
WRL,WRL_20200102
YKM,YKM_20200102
ECN,ECN_20200102
RJL,RJL_20200102
IDY,IDY_20200102
ANE,ANE_20200102
LTT,LTT_20200102
JSY,JSY_20200102
PEV,PEV_20200102
SOB,SOB_20200102
AOT,AOT_20200102
QSR,QSR_20200102
CVU,CVU_20200102
BNX,BNX_20200102
USQ,USQ_20200102
KSY,KSY_20200102
SFQ,SFQ_20200102
KCM,KCM_20200102
AJI,AJI_20200102
ADF,ADF_20200102
ISE,ISE_20200102
EDO,EDO_20200102
SZF,SZF_20200102
ILZ,ILZ_20200102
Gday,Gday_20200102
MDS,MDS_20200102
SLX,SLX_20200102
AZS,AZS_20200102
JBQ,JBQ_20200102
PBR,PBR_20200102
AAZ,AAZ_20200102
UTK,UTK_20200102
AHS,AHS_20200102
PEU,PEU_20200102
MIJ,MIJ_20200102
CYW,CYW_20200102
CUA,CUA_20200102
GUB,GUB_20200102
JAL,JAL_20200102
CTD,CTD_20200102
ONX,ONX_20200102
JQE,JQE_20200102
PLP,PLP_20200102
TTQ,TTQ_20200102
BCL,BCL_20200102
PBP,PBP_20200102
PJM,PJM_20200102
SYQ,SYQ_20200102
JEE,JEE_20200102
PAX,PAX_20200102
TND,TND_20200102
COX,COX_20200102
ATC,ATC_20200102
TBI,TBI_20200102
CRI,CRI_20200102
PID,PID_20200102
AIU,AIU_20200102
MGS,MGS_20200102
MHX,MHX_20200102
MUK,MUK_20200102
MOI,MOI_20200102
PYE,PYE_20200102
ICI,ICI_20200102
PTF,PTF_20200102
KDV,KDV_20200102
MNF,MNF_20200102
MFJ,MFJ_20200102
NGI,NGI_20200102
LKB,LKB_20200102
LBS,LBS_20200102
TVU,TVU_20200102
KXF,KXF_20200102
RTA,RTA_20200102
SVU,SVU_20200102
EUA,EUA_20200102
HPA,HPA_20200102
NTT,NTT_20200102
VBV,VBV_20200102
IUE,IUE_20200102
FUT,FUT_20200102
MXS,MXS_20200102
APK,APK_20200102
AHE,AHE_20200102
MTV,MTV_20200102
SLH,SLH_20200102
TOH,TOH_20200102
EAE,EAE_20200102
CCV,CCV_20200102
LOD,LOD_20200102
SSR,SSR_20200102
PBJ,PBJ_20200102
LPM,LPM_20200102
LNB,LNB_20200102
MWF,MWF_20200102
LNE,LNE_20200102
NUS,NUS_20200102
ZGU,ZGU_20200102
RCL,RCL_20200102
SON,SON_20200102
TGH,TGH_20200102
ULB,ULB_20200102
VLS,VLS_20200102
SWJ,SWJ_20200102
OLJ,OLJ_20200102
AUY,AUY_20200102
AWD,AWD_20200102
DLY,DLY_20200102
FTA,FTA_20200102
IPA,IPA_20200102
TGJ,TGJ_20200102
BMY,BMY_20200102
ILP,ILP_20200102
AJF,AJF_20200102
WAE,WAE_20200102
AAN,AAN_20200102
BNP,BNP_20200102
BHV,BHV_20200102
CJL,CJL_20200102
DBA,DBA_20200102
DEA,DEA_20200102
DSK,DSK_20200102
JIW,JIW_20200102
HDD,HDD_20200102
KDD,KDD_20200102
ORW,ORW_20200102
PAJ,PAJ_20200102
KDU,KDU_20200102
SYW,SYW_20200102
TUK,TUK_20200102
ISU,ISU_20200102
KAC,KAC_20200102
GXF,GXF_20200102
ADK,ADK_20200102
GST,GST_20200102
SGY,SGY_20200102
HCR,HCR_20200102
HNS,HNS_20200102
KLG,KLG_20200102
MCG,MCG_20200102
MOU,MOU_20200102
ANI,ANI_20200102
VAK,VAK_20200102
WRG,WRG_20200102
OPU,OPU_20200102
VMU,VMU_20200102
LUP,LUP_20200102
ENT,ENT_20200102
LZN,LZN_20200102
HCN,HCN_20200102
MFK,MFK_20200102
KUH,KUH_20200102
OKD,OKD_20200102
HSG,HSG_20200102
NKM,NKM_20200102
IWJ,IWJ_20200102
FKS,FKS_20200102
ONJ,ONJ_20200102
SYO,SYO_20200102
MYE,MYE_20200102
KUV,KUV_20200102
MPK,MPK_20200102
WJU,WJU_20200102
YNY,YNY_20200102
HIN,HIN_20200102
CJJ,CJJ_20200102
SFS,SFS_20200102
CYU,CYU_20200102
CGM,CGM_20200102
JOL,JOL_20200102
TWT,TWT_20200102
SUG,SUG_20200102
TDG,TDG_20200102
WNP,WNP_20200102
BSO,BSO_20200102
SFE,SFE_20200102
TUG,TUG_20200102
VRC,VRC_20200102
CYP,CYP_20200102
CRM,CRM_20200102
MBT,MBT_20200102
RXS,RXS_20200102
TTG,TTG_20200102
LHS,LHS_20200102
OES,OES_20200102
ING,ING_20200102
GGS,GGS_20200102
SST,SST_20200102
NEC,NEC_20200102
JDO,JDO_20200102
LEC,LEC_20200102
MEA,MEA_20200102
MII,MII_20200102
VDC,VDC_20200102
RIA,RIA_20200102
TOW,TOW_20200102
ESR,ESR_20200102
ZPC,ZPC_20200102
SOD,SOD_20200102
SCY,SCY_20200102
LOH,LOH_20200102
ESM,ESM_20200102
PSY,PSY_20200102
CRC,CRC_20200102
LQM,LQM_20200102
LPD,LPD_20200102
NQU,NQU_20200102
PDA,PDA_20200102
EYP,EYP_20200102
GYA,GYA_20200102
PUR,PUR_20200102
RIB,RIB_20200102
REY,REY_20200102
SRJ,SRJ_20200102
ORG,ORG_20200102
MVS,MVS_20200102
CJA,CJA_20200102
HUU,HUU_20200102
NZC,NZC_20200102
SRA,SRA_20200102
MYC,MYC_20200102
VIG,VIG_20200102
JPR,JPR_20200102
BBQ,BBQ_20200102
DSD,DSD_20200102
BBR,BBR_20200102
SFC,SFC_20200102
GBJ,GBJ_20200102
NEV,NEV_20200102
VIJ,VIJ_20200102
BQU,BQU_20200102
UNI,UNI_20200102
KOV,KOV_20200102
PPK,PPK_20200102
DZN,DZN_20200102
UKK,UKK_20200102
KSN,KSN_20200102
KVD,KVD_20200102
NAJ,NAJ_20200102
NER,NER_20200102
PYJ,PYJ_20200102
CKH,CKH_20200102
CYX,CYX_20200102
IKS,IKS_20200102
KXK,KXK_20200102
DYR,DYR_20200102
OHO,OHO_20200102
UJE,UJE_20200102
MPW,MPW_20200102
VSG,VSG_20200102
OZH,OZH_20200102
KWG,KWG_20200102
HRK,HRK_20200102
IFO,IFO_20200102
CWC,CWC_20200102
RWN,RWN_20200102
UDJ,UDJ_20200102
CSH,CSH_20200102
CEE,CEE_20200102
AMV,AMV_20200102
KSZ,KSZ_20200102
PES,PES_20200102
GNA,GNA_20200102
MVQ,MVQ_20200102
EIE,EIE_20200102
KYZ,KYZ_20200102
NOZ,NOZ_20200102
HTG,HTG_20200102
IAA,IAA_20200102
NAL,NAL_20200102
OGZ,OGZ_20200102
ESL,ESL_20200102
WKK,WKK_20200102
BLF,BLF_20200102
GLH,GLH_20200102
PSC,PSC_20200102
KQA,KQA_20200102
LPS,LPS_20200102
SLY,SLY_20200102
HMA,HMA_20200102
NYA,NYA_20200102
OVS,OVS_20200102
IJK,IJK_20200102
KVX,KVX_20200102
NYM,NYM_20200102
RAT,RAT_20200102
NFG,NFG_20200102
KRO,KRO_20200102
LBD,LBD_20200102
AZN,AZN_20200102
FEG,FEG_20200102
NMA,NMA_20200102
NCU,NCU_20200102
UGC,UGC_20200102
KSQ,KSQ_20200102
TMJ,TMJ_20200102
RYB,RYB_20200102
EGO,EGO_20200102
URS,URS_20200102
LPK,LPK_20200102
VKT,VKT_20200102
UUA,UUA_20200102
JOK,JOK_20200102
CSY,CSY_20200102
ULY,ULY_20200102
OSW,OSW_20200102
PEZ,PEZ_20200102
SKX,SKX_20200102
BWO,BWO_20200102
BBM,BBM_20200102
BZL,BZL_20200102
HOE,HOE_20200102
GAN,GAN_20200102
HAQ,HAQ_20200102
KDO,KDO_20200102
MAQ,MAQ_20200102
BMV,BMV_20200102
HPH,HPH_20200102
CXR,CXR_20200102
VCS,VCS_20200102
VCA,VCA_20200102
DIN,DIN_20200102
UIH,UIH_20200102
PXU,PXU_20200102
VII,VII_20200102
SWQ,SWQ_20200102
TMC,TMC_20200102
BUI,BUI_20200102
SEH,SEH_20200102
TJS,TJS_20200102
dayD,dayD_20200102
BEJ,BEJ_20200102
TJG,TJG_20200102
SMQ,SMQ_20200102
LUV,LUV_20200102
ARD,ARD_20200102
BLG,BLG_20200102
LGL,LGL_20200102
ODN,ODN_20200102
MKM,MKM_20200102
BKM,BKM_20200102
LWY,LWY_20200102
BBN,BBN_20200102
TMG,TMG_20200102
KUD,KUD_20200102
TKG,TKG_20200102
HLP,HLP_20200102
NTX,NTX_20200102
PSU,PSU_20200102
SQG,SQG_20200102
PDO,PDO_20200102
LSW,LSW_20200102
PKG,PKG_20200102
LBW,LBW_20200102
NNX,NNX_20200102
LPU,LPU_20200102
ALH,ALH_20200102
GYL,GYL_20200102
AUU,AUU_20200102
BCI,BCI_20200102
BDD,BDD_20200102
BVI,BVI_20200102
HTI,HTI_20200102
BEU,BEU_20200102
BRK,BRK_20200102
BUC,BUC_20200102
GIC,GIC_20200102
OKY,OKY_20200102
BQL,BQL_20200102
BHS,BHS_20200102
BLT,BLT_20200102
CVQ,CVQ_20200102
CAZ,CAZ_20200102
CNC,CNC_20200102
CNJ,CNJ_20200102
CTN,CTN_20200102
CMA,CMA_20200102
CNB,CNB_20200102
CUQ,CUQ_20200102
OOM,OOM_20200102
DMD,DMD_20200102
NLF,NLF_20200102
DPO,DPO_20200102
EPR,EPR_20200102
FLS,FLS_20200102
GET,GET_20200102
GLT,GLT_20200102
GFF,GFF_20200102
HID,HID_20200102
MHU,MHU_20200102
HGD,HGD_20200102
JCK,JCK_20200102
KAX,KAX_20200102
KNS,KNS_20200102
KRB,KRB_20200102
KWM,KWM_20200102
KUG,KUG_20200102
LNO,LNO_20200102
IRG,IRG_20200102
LSY,LSY_20200102
LHG,LHG_20200102
LRE,LRE_20200102
LER,LER_20200102
LVO,LVO_20200102
UBB,UBB_20200102
MKR,MKR_20200102
MIM,MIM_20200102
MQL,MQL_20200102
MMG,MMG_20200102
MRZ,MRZ_20200102
MOV,MOV_20200102
MYA,MYA_20200102
ONG,ONG_20200102
MYI,MYI_20200102
MBH,MBH_20200102
NRA,NRA_20200102
NAA,NAA_20200102
NTN,NTN_20200102
ZNE,ZNE_20200102
PMK,PMK_20200102
PBO,PBO_20200102
PKE,PKE_20200102
EDR,EDR_20200102
PQQ,PQQ_20200102
PTJ,PTJ_20200102
ULP,ULP_20200102
RMA,RMA_20200102
SGO,SGO_20200102
MJK,MJK_20200102
SBR,SBR_20200102
SRN,SRN_20200102
XTG,XTG_20200102
SYU,SYU_20200102
WNR,WNR_20200102
WUN,WUN_20200102
WOL,WOL_20200102
WIN,WIN_20200102
BWT,BWT_20200102
OKR,OKR_20200102
XMY,XMY_20200102
NAY,NAY_20200102
CIF,CIF_20200102
CIH,CIH_20200102
DAT,DAT_20200102
HET,HET_20200102
BAV,BAV_20200102
SJW,SJW_20200102
TGO,TGO_20200102
HLH,HLH_20200102
XIL,XIL_20200102
BHY,BHY_20200102
CGD,CGD_20200102
DYG,DYG_20200102
MXZ,MXZ_20200102
ZUH,ZUH_20200102
LZH,LZH_20200102
ZHA,ZHA_20200102
ENH,ENH_20200102
NNY,NNY_20200102
XFN,XFN_20200102
YIH,YIH_20200102
AKA,AKA_20200102
GOQ,GOQ_20200102
HZG,HZG_20200102
IQN,IQN_20200102
XNN,XNN_20200102
ENY,ENY_20200102
UYN,UYN_20200102
AVK,AVK_20200102
LTI,LTI_20200102
BYN,BYN_20200102
DLZ,DLZ_20200102
HVD,HVD_20200102
MXV,MXV_20200102
DIG,DIG_20200102
LUM,LUM_20200102
SYM,SYM_20200102
ZAT,ZAT_20200102
KOW,KOW_20200102
JDZ,JDZ_20200102
JIU,JIU_20200102
JUZ,JUZ_20200102
LYG,LYG_20200102
HYN,HYN_20200102
LYI,LYI_20200102
JJN,JJN_20200102
TXN,TXN_20200102
WEF,WEF_20200102
WEH,WEH_20200102
WUX,WUX_20200102
WUS,WUS_20200102
WNZ,WNZ_20200102
YNZ,YNZ_20200102
YIW,YIW_20200102
HSN,HSN_20200102
BPX,BPX_20200102
DAX,DAX_20200102
GYS,GYS_20200102
LZO,LZO_20200102
MIG,MIG_20200102
NAO,NAO_20200102
LZY,LZY_20200102
WXN,WXN_20200102
AKU,AKU_20200102
IQM,IQM_20200102
KCA,KCA_20200102
KRL,KRL_20200102
KRY,KRY_20200102
YIN,YIN_20200102
HEK,HEK_20200102
JMU,JMU_20200102
JNZ,JNZ_20200102
NDG,NDG_20200102
YNJ,YNJ_20200102
WKL,WKL_20200102
WME,WME_20200102
LRV,LRV_20200102
IOR,IOR_20200102
NNR,NNR_20200102
GTI,GTI_20200102
EZV,EZV_20200102
ORH,ORH_20200102
AQG,AQG_20200102
SHP,SHP_20200102
YCU,YCU_20200102
JGN,JGN_20200102
DDG,DDG_20200102
DSN,DSN_20200102
PZI,PZI_20200102
PWT,PWT_20200102
SPW,SPW_20200102
JEF,JEF_20200102
UNT,UNT_20200102
PVC,PVC_20200102
SBH,SBH_20200102
KMW,KMW_20200102
SUI,SUI_20200102
TBW,TBW_20200102
OBN,OBN_20200102
ERM,ERM_20200102
CVF,CVF_20200102
FUL,FUL_20200102
USA,USA_20200102
NVI,NVI_20200102
QSF,QSF_20200102
LRH,LRH_20200102
SUN,SUN_20200102
MCW,MCW_20200102
AZA,AZA_20200102
XAU,XAU_20200102
AKP,AKP_20200102
ANV,ANV_20200102
ATK,ATK_20200102
GAM,GAM_20200102
HPB,HPB_20200102
KAL,KAL_20200102
KSM,KSM_20200102
KVL,KVL_20200102
MYU,MYU_20200102
RBY,RBY_20200102
SHH,SHH_20200102
SVA,SVA_20200102
WTK,WTK_20200102
OMC,OMC_20200102
YPX,YPX_20200102
YTQ,YTQ_20200102
ARC,ARC_20200102
QOW,QOW_20200102
FON,FON_20200102
TMU,TMU_20200102
CYZ,CYZ_20200102
KVK,KVK_20200102
GVR,GVR_20200102
KPC,KPC_20200102
PJA,PJA_20200102
QBC,QBC_20200102
HGR,HGR_20200102
ACR,ACR_20200102
SDP,SDP_20200102
HMI,HMI_20200102
WUZ,WUZ_20200102
TBH,TBH_20200102
TCG,TCG_20200102
MQM,MQM_20200102
AFS,AFS_20200102
DRG,DRG_20200102
LEN,LEN_20200102
RGS,RGS_20200102
EGM,EGM_20200102
IGG,IGG_20200102
KNW,KNW_20200102
KVC,KVC_20200102
PTH,PTH_20200102
TOG,TOG_20200102
EGN,EGN_20200102
LKH,LKH_20200102
WLH,WLH_20200102
CHG,CHG_20200102
UAS,UAS_20200102
BHG,BHG_20200102
YVB,YVB_20200102
SKT,SKT_20200102
PDP,PDP_20200102
WVB,WVB_20200102
MPA,MPA_20200102
AOE,AOE_20200102
CKZ,CKZ_20200102
MSR,MSR_20200102
NOP,NOP_20200102
TEQ,TEQ_20200102
YEI,YEI_20200102
LSS,LSS_20200102
VQS,VQS_20200102
YIF,YIF_20200102
MRQ,MRQ_20200102
GFN,GFN_20200102
OAG,OAG_20200102
TRO,TRO_20200102
COQ,COQ_20200102
HOH,HOH_20200102
ESC,ESC_20200102
YAK,YAK_20200102
GUL,GUL_20200102
CES,CES_20200102
NSO,NSO_20200102
DGE,DGE_20200102
MTL,MTL_20200102
CPX,CPX_20200102
MWA,MWA_20200102
OCN,OCN_20200102
KIK,KIK_20200102
XJD,XJD_20200102
GBZ,GBZ_20200102
IMT,IMT_20200102
AET,AET_20200102
MGC,MGC_20200102
SWD,SWD_20200102
GRM,GRM_20200102
AUW,AUW_20200102
MYP,MYP_20200102
MVA,MVA_20200102
QSA,QSA_20200102
WSY,WSY_20200102
MIE,MIE_20200102
LAF,LAF_20200102
VGT,VGT_20200102
ENW,ENW_20200102
MTJ,MTJ_20200102
RIW,RIW_20200102
Pday,Pday_20200102
LYM,LYM_20200102
PKH,PKH_20200102
NOA,NOA_20200102
UCK,UCK_20200102
CEJ,CEJ_20200102
BQT,BQT_20200102
OSH,OSH_20200102
AGE,AGE_20200102
BXG,BXG_20200102
EAT,EAT_20200102
ARE,ARE_20200102
RIN,RIN_20200102
KCK,KCK_20200102
UKX,UKX_20200102
RMT,RMT_20200102
QLS,QLS_20200102
ZJI,ZJI_20200102
QNC,QNC_20200102
TGK,TGK_20200102
GDZ,GDZ_20200102
ZIA,ZIA_20200102
IAR,IAR_20200102
OHE,OHE_20200102
JNG,JNG_20200102
DRK,DRK_20200102
AAT,AAT_20200102
TZL,TZL_20200102
FWH,FWH_20200102
NZH,NZH_20200102
WUA,WUA_20200102
GYY,GYY_20200102
BRD,BRD_20200102
LWB,LWB_20200102
PGV,PGV_20200102
CYF,CYF_20200102
OXR,OXR_20200102
BKG,BKG_20200102
TEN,TEN_20200102
JGS,JGS_20200102
NIU,NIU_20200102
SCH,SCH_20200102
NBC,NBC_20200102
QRW,QRW_20200102
IAO,IAO_20200102
LGO,LGO_20200102
NLP,NLP_20200102
CKC,CKC_20200102
UST,UST_20200102
NLV,NLV_20200102
STS,STS_20200102
ISM,ISM_20200102
LCQ,LCQ_20200102
LGU,LGU_20200102
BMC,BMC_20200102
ASE,ASE_20200102
ULV,ULV_20200102
ERV,ERV_20200102
GED,GED_20200102
ZSW,ZSW_20200102
GBD,GBD_20200102
HYS,HYS_20200102
SUS,SUS_20200102
LYU,LYU_20200102
GPZ,GPZ_20200102
TVF,TVF_20200102
EGV,EGV_20200102
ARV,ARV_20200102
YBV,YBV_20200102
AVX,AVX_20200102
MHV,MHV_20200102
ZIN,ZIN_20200102
INQ,INQ_20200102
SWT,SWT_20200102
HUT,HUT_20200102
AKH,AKH_20200102
STJ,STJ_20200102
VOK,VOK_20200102
GUC,GUC_20200102
SIA,SIA_20200102
TOA,TOA_20200102
MBL,MBL_20200102
PGD,PGD_20200102
WFK,WFK_20200102
JHW,JHW_20200102
YTM,YTM_20200102
SME,SME_20200102
SHD,SHD_20200102
DVL,DVL_20200102
DIK,DIK_20200102
SDY,SDY_20200102
CDR,CDR_20200102
AIA,AIA_20200102
MCK,MCK_20200102
MTH,MTH_20200102
GDV,GDV_20200102
OLF,OLF_20200102
WYS,WYS_20200102
ALS,ALS_20200102
CNY,CNY_20200102
ELY,ELY_20200102
VEL,VEL_20200102
RUI,RUI_20200102
SOW,SOW_20200102
MYL,MYL_20200102
SMN,SMN_20200102
MMH,MMH_20200102
FRD,FRD_20200102
ESD,ESD_20200102
AST,AST_20200102
ONP,ONP_20200102
EMK,EMK_20200102
UNK,UNK_20200102
UUK,UUK_20200102
SHX,SHX_20200102
CHU,CHU_20200102
NUI,NUI_20200102
EEK,EEK_20200102
KUK,KUK_20200102
KWT,KWT_20200102
KWK,KWK_20200102
MLL,MLL_20200102
RSH,RSH_20200102
KGK,KGK_20200102
KMO,KMO_20200102
CIK,CIK_20200102
EAA,EAA_20200102
HUS,HUS_20200102
HSL,HSL_20200102
NUL,NUL_20200102
VEE,VEE_20200102
WBQ,WBQ_20200102
CEM,CEM_20200102
SHG,SHG_20200102
IYK,IYK_20200102
VIS,VIS_20200102
MCE,MCE_20200102
CYR,CYR_20200102
CPQ,CPQ_20200102
GYR,GYR_20200102
TWB,TWB_20200102
BBL,BBL_20200102
AYK,AYK_20200102
AGN,AGN_20200102
ELV,ELV_20200102
FNR,FNR_20200102
HNH,HNH_20200102
MTM,MTM_20200102
HYG,HYG_20200102
EGX,EGX_20200102
KPV,KPV_20200102
PIP,PIP_20200102
WSN,WSN_20200102
AKK,AKK_20200102
KYK,KYK_20200102
KLN,KLN_20200102
ABL,ABL_20200102
BKC,BKC_20200102
IAN,IAN_20200102
OBU,OBU_20200102
ORV,ORV_20200102
WLK,WLK_20200102
KTS,KTS_20200102
ELI,ELI_20200102
GLV,GLV_20200102
TLA,TLA_20200102
WAA,WAA_20200102
WMO,WMO_20200102
KKA,KKA_20200102
SMK,SMK_20200102
SKK,SKK_20200102
TNC,TNC_20200102
AKB,AKB_20200102
IKO,IKO_20200102
CYT,CYT_20200102
AUK,AUK_20200102
KPN,KPN_20200102
KFP,KFP_20200102
NLG,NLG_20200102
PML,PML_20200102
KLW,KLW_20200102
KWN,KWN_20200102
KOT,KOT_20200102
KYU,KYU_20200102
SCM,SCM_20200102
NNL,NNL_20200102
KKH,KKH_20200102
NIB,NIB_20200102
AKI,AKI_20200102
AIN,AIN_20200102
APZ,APZ_20200102
RDS,RDS_20200102
PNT,PNT_20200102
SGV,SGV_20200102
IGB,IGB_20200102
NCN,NCN_20200102
TKJ,TKJ_20200102
IRC,IRC_20200102
SLQ,SLQ_20200102
LMA,LMA_20200102
MLY,MLY_20200102
YNP,YNP_20200102
YSO,YSO_20200102
YWB,YWB_20200102
YTF,YTF_20200102
YGV,YGV_20200102
YXK,YXK_20200102
XTL,XTL_20200102
XLB,XLB_20200102
XSI,XSI_20200102
YBT,YBT_20200102
ZGR,ZGR_20200102
YCR,YCR_20200102
YRS,YRS_20200102
YOP,YOP_20200102
YBY,YBY_20200102
ZNA,ZNA_20200102
YGG,YGG_20200102
Yday,Yday_20200102
YLY,YLY_20200102
YFJ,YFJ_20200102
RNI,RNI_20200102
BZA,BZA_20200102
RFS,RFS_20200102
SIU,SIU_20200102
WSP,WSP_20200102
NCR,NCR_20200102
PLD,PLD_20200102
COZ,COZ_20200102
NEG,NEG_20200102
NRR,NRR_20200102
SPB,SPB_20200102
ARR,ARR_20200102
JSM,JSM_20200102
UYU,UYU_20200102
RBQ,RBQ_20200102
ABF,ABF_20200102
ABN,ABN_20200102
DRJ,DRJ_20200102
MOJ,MOJ_20200102
ICK,ICK_20200102
OEM,OEM_20200102
SMZ,SMZ_20200102
TOT,TOT_20200102
AGI,AGI_20200102
ORJ,ORJ_20200102
NAI,NAI_20200102
IMB,IMB_20200102
KAR,KAR_20200102
USI,USI_20200102
MHA,MHA_20200102
PJC,PJC_20200102
ACD,ACD_20200102
RVE,RVE_20200102
BQJ,BQJ_20200102
VGZ,VGZ_20200102
EBG,EBG_20200102
CAQ,CAQ_20200102
COG,COG_20200102
TLU,TLU_20200102
CFB,CFB_20200102
OPS,OPS_20200102
GRP,GRP_20200102
CMP,CMP_20200102
BVS,BVS_20200102
SFK,SFK_20200102
PIN,PIN_20200102
BRA,BRA_20200102
STZ,STZ_20200102
MQH,MQH_20200102
AUX,AUX_20200102
NVP,NVP_20200102
FRC,FRC_20200102
DOU,DOU_20200102
LBR,LBR_20200102
ROO,ROO_20200102
GPB,GPB_20200102
JCB,JCB_20200102
RVD,RVD_20200102
AAX,AAX_20200102
MBZ,MBZ_20200102
RBB,RBB_20200102
CIZ,CIZ_20200102
BAZ,BAZ_20200102
DMT,DMT_20200102
GNM,GNM_20200102
QDJ,QDJ_20200102
NZA,NZA_20200102
LBZ,LBZ_20200102
KNP,KNP_20200102
AMC,AMC_20200102
GSQ,GSQ_20200102
MRB,MRB_20200102
AWA,AWA_20200102
JIJ,JIJ_20200102
MKS,MKS_20200102
DBM,DBM_20200102
DBT,DBT_20200102
QHR,QHR_20200102
GOB,GOB_20200102
MYB,MYB_20200102
MRE,MRE_20200102
JJM,JJM_20200102
RBX,RBX_20200102
CPA,CPA_20200102
IHC,IHC_20200102
MAX,MAX_20200102
BDI,BDI_20200102
WHF,WHF_20200102
NBE,NBE_20200102
HTY,HTY_20200102
RVV,RVV_20200102
FUO,FUO_20200102
HUZ,HUZ_20200102
ILD,ILD_20200102
BIU,BIU_20200102
GJR,GJR_20200102
SAK,SAK_20200102
IIA,IIA_20200102
ULG,ULG_20200102
KQT,KQT_20200102
VGD,VGD_20200102
ONK,ONK_20200102
SYS,SYS_20200102
LDG,LDG_20200102
HSK,HSK_20200102
CQM,CQM_20200102
NJF,NJF_20200102
CSA,CSA_20200102
RKH,RKH_20200102
AGC,AGC_20200102
VQQ,VQQ_20200102
FTY,FTY_20200102
FUG,FUG_20200102
LCX,LCX_20200102
BSD,BSD_20200102
ACX,ACX_20200102
HZH,HZH_20200102
OSU,OSU_20200102
ADS,ADS_20200102
DSI,DSI_20200102
KHE,KHE_20200102
SZS,SZS_20200102
HJJ,HJJ_20200102
YQI,YQI_20200102
ISO,ISO_20200102
FFA,FFA_20200102
LNJ,LNJ_20200102
CKS,CKS_20200102
MWK,MWK_20200102
OSM,OSM_20200102
TJH,TJH_20200102
AXJ,AXJ_20200102
KKX,KKX_20200102
AGJ,AGJ_20200102
ULZ,ULZ_20200102
UGA,UGA_20200102
ULO,ULO_20200102
LBX,LBX_20200102
TJU,TJU_20200102
CMJ,CMJ_20200102
TAZ,TAZ_20200102
BWB,BWB_20200102
DRB,DRB_20200102
WGE,WGE_20200102
DKI,DKI_20200102
LZR,LZR_20200102
HLT,HLT_20200102
HCQ,HCQ_20200102
FIZ,FIZ_20200102
RVT,RVT_20200102
PVU,PVU_20200102
SBS,SBS_20200102
dayA,dayA_20200102
PUC,PUC_20200102
LAM,LAM_20200102
HII,HII_20200102
INW,INW_20200102
DGL,DGL_20200102
MZK,MZK_20200102
AEA,AEA_20200102
AAK,AAK_20200102
KUC,KUC_20200102
AIS,AIS_20200102
TMN,TMN_20200102
BEZ,BEZ_20200102
NIG,NIG_20200102
BBG,BBG_20200102
MTK,MTK_20200102
MNK,MNK_20200102
NON,NON_20200102
TSU,TSU_20200102
WTZ,WTZ_20200102
KTF,KTF_20200102
AFT,AFT_20200102
RNA,RNA_20200102
CHY,CHY_20200102
NNB,NNB_20200102
XYA,XYA_20200102
BPF,BPF_20200102
BOW,BOW_20200102
FTI,FTI_20200102
LVK,LVK_20200102
RMY,RMY_20200102
GFY,GFY_20200102
NDU,NDU_20200102
TRM,TRM_20200102
SMO,SMO_20200102
UDD,UDD_20200102
SCF,SCF_20200102
OLM,OLM_20200102
RIL,RIL_20200102
SAA,SAA_20200102
PDK,PDK_20200102
BMG,BMG_20200102
SUA,SUA_20200102
MMU,MMU_20200102
APC,APC_20200102
SDM,SDM_20200102
VNC,VNC_20200102
PHK,PHK_20200102
ECP,ECP_20200102
SBD,SBD_20200102
VAL,VAL_20200102
CAU,CAU_20200102
AWK,AWK_20200102
QNV,QNV_20200102
SQL,SQL_20200102
RWI,RWI_20200102
SXQ,SXQ_20200102
SEE,SEE_20200102
PHA,PHA_20200102
SQH,SQH_20200102
TKF,TKF_20200102
FRJ,FRJ_20200102
GEX,GEX_20200102
LVM,LVM_20200102
GMV,GMV_20200102
JRA,JRA_20200102
LAL,LAL_20200102
RBK,RBK_20200102
FNU,FNU_20200102
MGY,MGY_20200102
FDY,FDY_20200102
EMP,EMP_20200102
HYC,HYC_20200102
BBP,BBP_20200102
SPF,SPF_20200102
QYD,QYD_20200102
OLV,OLV_20200102
KNA,KNA_20200102
ONQ,ONQ_20200102
BJC,BJC_20200102
SLE,SLE_20200102
UTM,UTM_20200102
ZKB,ZKB_20200102
LND,LND_20200102
MWC,MWC_20200102
JVL,JVL_20200102
LZU,LZU_20200102
BWG,BWG_20200102
RVS,RVS_20200102
NHD,NHD_20200102
KGO,KGO_20200102
DBB,DBB_20200102
BCE,BCE_20200102
CKL,CKL_20200102
TCZ,TCZ_20200102
UKS,UKS_20200102
JCI,JCI_20200102
ESN,ESN_20200102
HMR,HMR_20200102
MYV,MYV_20200102
DUC,DUC_20200102
UVA,UVA_20200102
LOT,LOT_20200102
CCR,CCR_20200102
OCA,OCA_20200102
YUS,YUS_20200102
HIA,HIA_20200102
YOO,YOO_20200102
LHA,LHA_20200102
ATO,ATO_20200102
SGH,SGH_20200102
HEX,HEX_20200102
HGS,HGS_20200102
TOP,TOP_20200102
MQY,MQY_20200102
UOS,UOS_20200102
NGQ,NGQ_20200102
CSO,CSO_20200102
PWK,PWK_20200102
KLS,KLS_20200102
ZTA,ZTA_20200102
PUE,PUE_20200102
KHC,KHC_20200102
UKA,UKA_20200102
ILN,ILN_20200102
AVW,AVW_20200102
CGZ,CGZ_20200102
BXK,BXK_20200102
MMI,MMI_20200102
STK,STK_20200102
RWL,RWL_20200102
CDW,CDW_20200102
AIZ,AIZ_20200102
TVI,TVI_20200102
HSH,HSH_20200102
GML,GML_20200102
TMA,TMA_20200102
RDO,RDO_20200102
DVT,DVT_20200102
YRV,YRV_20200102
FRG,FRG_20200102
ZHY,ZHY_20200102
MCL,MCL_20200102
PPC,PPC_20200102
KHW,KHW_20200102
TXG,TXG_20200102
HLG,HLG_20200102
DWC,DWC_20200102
RKP,RKP_20200102
MVV,MVV_20200102
MFX,MFX_20200102
AEB,AEB_20200102
OKF,OKF_20200102
OKU,OKU_20200102
KOQ,KOQ_20200102
PSH,PSH_20200102
TTD,TTD_20200102
HIO,HIO_20200102
BNO,BNO_20200102
PRZ,PRZ_20200102
RBL,RBL_20200102
NOT,NOT_20200102
LKV,LKV_20200102
OTK,OTK_20200102
ONO,ONO_20200102
DLS,DLS_20200102
GAI,GAI_20200102
YTA,YTA_20200102
TSB,TSB_20200102
YSD,YSD_20200102
BNU,BNU_20200102
YCC,YCC_20200102
IZA,IZA_20200102
MVL,MVL_20200102
RBD,RBD_20200102
BXY,BXY_20200102
WST,WST_20200102
BID,BID_20200102
NME,NME_20200102
OOK,OOK_20200102
OBY,OBY_20200102
VIN,VIN_20200102
BGE,BGE_20200102
ZGS,ZGS_20200102
ZKG,ZKG_20200102
YBI,YBI_20200102
WHP,WHP_20200102
MAE,MAE_20200102
YZZ,YZZ_20200102
YAB,YAB_20200102
GSI,GSI_20200102
MPY,MPY_20200102
LDX,LDX_20200102
KJI,KJI_20200102
CPB,CPB_20200102
HMB,HMB_20200102
RVY,RVY_20200102
POJ,POJ_20200102
JTC,JTC_20200102
OIA,OIA_20200102
RDC,RDC_20200102
SXX,SXX_20200102
BYO,BYO_20200102
SXO,SXO_20200102
CFC,CFC_20200102
CAF,CAF_20200102
ERN,ERN_20200102
CCI,CCI_20200102
FBE,FBE_20200102
CFO,CFO_20200102
AAF,AAF_20200102
UMU,UMU_20200102
dayI,dayI_20200102
FBA,FBA_20200102
OLC,OLC_20200102
HUW,HUW_20200102
IRZ,IRZ_20200102
ORX,ORX_20200102
UNA,UNA_20200102
TEF,TEF_20200102
GZP,GZP_20200102
FPR,FPR_20200102
PYM,PYM_20200102
NCO,NCO_20200102
OWD,OWD_20200102
BAF,BAF_20200102
MGJ,MGJ_20200102
HAR,HAR_20200102
DXR,DXR_20200102
ASH,ASH_20200102
LWM,LWM_20200102
OXC,OXC_20200102
RMG,RMG_20200102
GAD,GAD_20200102
WDR,WDR_20200102
DNN,DNN_20200102
LGC,LGC_20200102
PIM,PIM_20200102
GVL,GVL_20200102
PHD,PHD_20200102
HHH,HHH_20200102
DNL,DNL_20200102
MRN,MRN_20200102
PVL,PVL_20200102
TOC,TOC_20200102
PLV,PLV_20200102
WUU,WUU_20200102
HUE,HUE_20200102
OYL,OYL_20200102
OZG,OZG_20200102
WYE,WYE_20200102
GBK,GBK_20200102
THX,THX_20200102
TGP,TGP_20200102
AFW,AFW_20200102
RTS,RTS_20200102
FOS,FOS_20200102
KEW,KEW_20200102
YSP,YSP_20200102
YHF,YHF_20200102
YHN,YHN_20200102
YKX,YKX_20200102
YMG,YMG_20200102
YXZ,YXZ_20200102
YEM,YEM_20200102
LWC,LWC_20200102
PPM,PPM_20200102
XMC,XMC_20200102
ULH,ULH_20200102
LOP,LOP_20200102
ZMH,ZMH_20200102
HDG,HDG_20200102
LOZ,LOZ_20200102
FBG,FBG_20200102
WMI,WMI_20200102
JXA,JXA_20200102
JDG,JDG_20200102
YGM,YGM_20200102
EYK,EYK_20200102
RAC,RAC_20200102
RZP,RZP_20200102
RKZ,RKZ_20200102
TIW,TIW_20200102
GUF,GUF_20200102
IBB,IBB_20200102
HMJ,HMJ_20200102
HIW,HIW_20200102
HZL,HZL_20200102
CBE,CBE_20200102
WYN,WYN_20200102
YBO,YBO_20200102
KLF,KLF_20200102
LNR,LNR_20200102
JOT,JOT_20200102
VYS,VYS_20200102
JXN,JXN_20200102
BBX,BBX_20200102
OBE,OBE_20200102
SEF,SEF_20200102
AVO,AVO_20200102
GIF,GIF_20200102
ZPH,ZPH_20200102
OCF,OCF_20200102
AIK,AIK_20200102
CDN,CDN_20200102
LBT,LBT_20200102
SOP,SOP_20200102
SVH,SVH_20200102
LHV,LHV_20200102
BKL,BKL_20200102
DKK,DKK_20200102
LLY,LLY_20200102
LDJ,LDJ_20200102
ANQ,ANQ_20200102
CLW,CLW_20200102
CGX,CGX_20200102
CRE,CRE_20200102
BXO,BXO_20200102
WBW,WBW_20200102
LNN,LNN_20200102
UMD,UMD_20200102
RLK,RLK_20200102
FFT,FFT_20200102
LEW,LEW_20200102
MRK,MRK_20200102
DRE,DRE_20200102
GDW,GDW_20200102
MFI,MFI_20200102
ISW,ISW_20200102
CWI,CWI_20200102
BVY,BVY_20200102
OSF,OSF_20200102
YRQ,YRQ_20200102
POF,POF_20200102
EOK,EOK_20200102
PSL,PSL_20200102
STP,STP_20200102
SOO,SOO_20200102
VNA,VNA_20200102
DKS,DKS_20200102
BYT,BYT_20200102
ADY,ADY_20200102
HAO,HAO_20200102
GAS,GAS_20200102
HOA,HOA_20200102
KEY,KEY_20200102
ILU,ILU_20200102
ATJ,ATJ_20200102
OVA,OVA_20200102
UTS,UTS_20200102
RGK,RGK_20200102
FLD,FLD_20200102
STE,STE_20200102
MQJ,MQJ_20200102
PEF,PEF_20200102
CJN,CJN_20200102
GQQ,GQQ_20200102
TPN,TPN_20200102
PTZ,PTZ_20200102
CKV,CKV_20200102
LPC,LPC_20200102
CTH,CTH_20200102
LLK,LLK_20200102
GBB,GBB_20200102
ZTU,ZTU_20200102
LKP,LKP_20200102
KDY,KDY_20200102
GYG,GYG_20200102
JIQ,JIQ_20200102
AOH,AOH_20200102
SSI,SSI_20200102
BFP,BFP_20200102
GGE,GGE_20200102
HDI,HDI_20200102
RNT,RNT_20200102
POC,POC_20200102
CTY,CTY_20200102
CEU,CEU_20200102
BEC,BEC_20200102
QFO,QFO_20200102
SNY,SNY_20200102
GKL,GKL_20200102
IFL,IFL_20200102
JRF,JRF_20200102
NBS,NBS_20200102
LUZ,LUZ_20200102
ECA,ECA_20200102
VAM,VAM_20200102
LLF,LLF_20200102
LSZ,LSZ_20200102
ONS,ONS_20200102
TDR,TDR_20200102
WBU,WBU_20200102
BBJ,BBJ_20200102
PAO,PAO_20200102
USR,USR_20200102
MSC,MSC_20200102
YTY,YTY_20200102
PTK,PTK_20200102
KSI,KSI_20200102
EEN,EEN_20200102
THQ,THQ_20200102
VRO,VRO_20200102
GKK,GKK_20200102
RCS,RCS_20200102
RHD,RHD_20200102
KMP,KMP_20200102
KGT,KGT_20200102
VUS,VUS_20200102
IOW,IOW_20200102
TLQ,TLQ_20200102
ANP,ANP_20200102
FXO,FXO_20200102
ODO,ODO_20200102
ZTR,ZTR_20200102
PEQ,PEQ_20200102
HBG,HBG_20200102
QCJ,QCJ_20200102
QSC,QSC_20200102
YKN,YKN_20200102
XSB,XSB_20200102
ZBM,ZBM_20200102
KTI,KTI_20200102
GYU,GYU_20200102
CNI,CNI_20200102
KRH,KRH_20200102
JGD,JGD_20200102
CCL,CCL_20200102
HWD,HWD_20200102
MZP,MZP_20200102
JHQ,JHQ_20200102
ARB,ARB_20200102
SHT,SHT_20200102
TEM,TEM_20200102
GAH,GAH_20200102
WIO,WIO_20200102
BFJ,BFJ_20200102
ULK,ULK_20200102
KVR,KVR_20200102
IGD,IGD_20200102
GNY,GNY_20200102
KZR,KZR_20200102
VLU,VLU_20200102
BEO,BEO_20200102
BMP,BMP_20200102
NGZ,NGZ_20200102
YCN,YCN_20200102
BJP,BJP_20200102
BQB,BQB_20200102
SEK,SEK_20200102
IVR,IVR_20200102
GLI,GLI_20200102
IMM,IMM_20200102
TQQ,TQQ_20200102
YIC,YIC_20200102
PTB,PTB_20200102
SBM,SBM_20200102
KFE,KFE_20200102
MZJ,MZJ_20200102
SAD,SAD_20200102
SLJ,SLJ_20200102
KJP,KJP_20200102
EKB,EKB_20200102
SIK,SIK_20200102
TTI,TTI_20200102
GFL,GFL_20200102
MTN,MTN_20200102
FRY,FRY_20200102
NEW,NEW_20200102
COE,COE_20200102
BMT,BMT_20200102
DNV,DNV_20200102
COJ,COJ_20200102
TIX,TIX_20200102
BZH,BZH_20200102
UAR,UAR_20200102
NYE,NYE_20200102
AAP,AAP_20200102
FCM,FCM_20200102
LIX,LIX_20200102
OJC,OJC_20200102
EUM,EUM_20200102
TKT,TKT_20200102
YLK,YLK_20200102
YCM,YCM_20200102
YPD,YPD_20200102
MNZ,MNZ_20200102
LJN,LJN_20200102
BGG,BGG_20200102
KFS,KFS_20200102
LLV,LLV_20200102
DCY,DCY_20200102
GXH,GXH_20200102
CIY,CIY_20200102
KVM,KVM_20200102
ZKP,ZKP_20200102
UMS,UMS_20200102
ADH,ADH_20200102
OLZ,OLZ_20200102
NLT,NLT_20200102
PTA,PTA_20200102
BOR,BOR_20200102
OBC,OBC_20200102
TDJ,TDJ_20200102
AQB,AQB_20200102
NOR,NOR_20200102
BTZ,BTZ_20200102
WAR,WAR_20200102
EWK,EWK_20200102
BSJ,BSJ_20200102
TZR,TZR_20200102
FBR,FBR_20200102
CLS,CLS_20200102
EVW,EVW_20200102
EUF,EUF_20200102
MEO,MEO_20200102
AUO,AUO_20200102
DBN,DBN_20200102
PUK,PUK_20200102
CVO,CVO_20200102
CWT,CWT_20200102
OGD,OGD_20200102
AKO,AKO_20200102
SHN,SHN_20200102
WNA,WNA_20200102
PKA,PKA_20200102
YBW,YBW_20200102
WSO,WSO_20200102
WKR,WKR_20200102
GFO,GFO_20200102
DYL,DYL_20200102
TGI,TGI_20200102
TJL,TJL_20200102
YZY,YZY_20200102
OAL,OAL_20200102
OCW,OCW_20200102
MHC,MHC_20200102
SWO,SWO_20200102
OKM,OKM_20200102
CUH,CUH_20200102
CSM,CSM_20200102
WLD,WLD_20200102
PWA,PWA_20200102
dayN,dayN_20200102
SEP,SEP_20200102
Aday,Aday_20200102
IRB,IRB_20200102
YEL,YEL_20200102
IKB,IKB_20200102
DAN,DAN_20200102
ERG,ERG_20200102
HCW,HCW_20200102
BEM,BEM_20200102
NKT,NKT_20200102
SUY,SUY_20200102
OUZ,OUZ_20200102
ABB,ABB_20200102
QUO,QUO_20200102
KAA,KAA_20200102
SGX,SGX_20200102
JUH,JUH_20200102
AOG,AOG_20200102
DQA,DQA_20200102
ZYI,ZYI_20200102
LDS,LDS_20200102
AVA,AVA_20200102
KSS,KSS_20200102
WTB,WTB_20200102
TNH,TNH_20200102
SZV,SZV_20200102
LII,LII_20200102
NTI,NTI_20200102
WSR,WSR_20200102
dayB,dayB_20200102
MEQ,MEQ_20200102
BUW,BUW_20200102
KAZ,KAZ_20200102
MNA,MNA_20200102
SGQ,SGQ_20200102
BUU,BUU_20200102
ILA,ILA_20200102
OKL,OKL_20200102
KOX,KOX_20200102
CMQ,CMQ_20200102
WMB,WMB_20200102
RCM,RCM_20200102
DCN,DCN_20200102
KNO,KNO_20200102
AMN,AMN_20200102
HMY,HMY_20200102
EMT,EMT_20200102
KRQ,KRQ_20200102
QKX,QKX_20200102
SSF,SSF_20200102
JAS,JAS_20200102
MRF,MRF_20200102
ALE,ALE_20200102
BQE,BQE_20200102
CZA,CZA_20200102
BUY,BUY_20200102
CCB,CCB_20200102
EKI,EKI_20200102
CUB,CUB_20200102
GDC,GDC_20200102
HVS,HVS_20200102
SZT,SZT_20200102
DU9,DU9_20200102
RIH,RIH_20200102
LEE,LEE_20200102
PPY,PPY_20200102
DIQ,DIQ_20200102
EIK,EIK_20200102
ERD,ERD_20200102
BWX,BWX_20200102
ERL,ERL_20200102
CNO,CNO_20200102
HTR,HTR_20200102
BWW,BWW_20200102
PRB,PRB_20200102
PKX,PKX_20200102
HAF,HAF_20200102
HCJ,HCJ_20200102
WJF,WJF_20200102
CJF,CJF_20200102
GUZ,GUZ_20200102
UBT,UBT_20200102
QUG,QUG_20200102
TNW,TNW_20200102
FYJ,FYJ_20200102
PZL,PZL_20200102
LPF,LPF_20200102
KJH,KJH_20200102
HPG,HPG_20200102
ZQZ,ZQZ_20200102
YIE,YIE_20200102
HNY,HNY_20200102
AHJ,AHJ_20200102
IGT,IGT_20200102
ASN,ASN_20200102
GMU,GMU_20200102
NGD,NGD_20200102
TOI,TOI_20200102
ETS,ETS_20200102
EFG,EFG_20200102
KGW,KGW_20200102
NDN,NDN_20200102
BNM,BNM_20200102
ALX,ALX_20200102
DOH,DOH_20200102
HZP,HZP_20200102
HDE,HDE_20200102
PTT,PTT_20200102
LXN,LXN_20200102
CBF,CBF_20200102
OKK,OKK_20200102
GBG,GBG_20200102
GUY,GUY_20200102
IDP,IDP_20200102
BBC,BBC_20200102
PRX,PRX_20200102
CFV,CFV_20200102
GXY,GXY_20200102
OEL,OEL_20200102
FET,FET_20200102
LGD,LGD_20200102
SZY,SZY_20200102
MPO,MPO_20200102
UKT,UKT_20200102
YBA,YBA_20200102
BNG,BNG_20200102
OFK,OFK_20200102
TFL,TFL_20200102
TPF,TPF_20200102
BZC,BZC_20200102
ITP,ITP_20200102
REZ,REZ_20200102
KBN,KBN_20200102
IKL,IKL_20200102
AIR,AIR_20200102
JRN,JRN_20200102
JIA,JIA_20200102
VLP,VLP_20200102
JUA,JUA_20200102
CCX,CCX_20200102
TGQ,TGQ_20200102
CQA,CQA_20200102
MTG,MTG_20200102
BMB,BMB_20200102
APQ,APQ_20200102
FLB,FLB_20200102
PCS,PCS_20200102
BNC,BNC_20200102
BNB,BNB_20200102
MTP,MTP_20200102
VPZ,VPZ_20200102
DRV,DRV_20200102
SXK,SXK_20200102
MLZ,MLZ_20200102
PDU,PDU_20200102
ATI,ATI_20200102
HSM,HSM_20200102
SWH,SWH_20200102
TTL,TTL_20200102
KWB,KWB_20200102
KOO,KOO_20200102
AOU,AOU_20200102
SQX,SQX_20200102
LDM,LDM_20200102
RHV,RHV_20200102
OHS,OHS_20200102
KCF,KCF_20200102
RZS,RZS_20200102
TMF,TMF_20200102
IFU,IFU_20200102
KZF,KZF_20200102
OGU,OGU_20200102
YKO,YKO_20200102
BUT,BUT_20200102
TLI,TLI_20200102
TQL,TQL_20200102
JIC,JIC_20200102
BPL,BPL_20200102
FYN,FYN_20200102
ACS,ACS_20200102
LFQ,LFQ_20200102
YJP,YJP_20200102
WVI,WVI_20200102
GLU,GLU_20200102
HLI,HLI_20200102
YBS,YBS_20200102
RIZ,RIZ_20200102
SQJ,SQJ_20200102
XTO,XTO_20200102
YSE,YSE_20200102
BQG,BQG_20200102
PKO,PKO_20200102
KDC,KDC_20200102
BIB,BIB_20200102
BMR,BMR_20200102
MVW,MVW_20200102
GOO,GOO_20200102
APT,APT_20200102
DCU,DCU_20200102
GLW,GLW_20200102
RNZ,RNZ_20200102
SBT,SBT_20200102
AXF,AXF_20200102
NIS,NIS_20200102
BUL,BUL_20200102
TBR,TBR_20200102
JJG,JJG_20200102
WKI,WKI_20200102
KLJ,KLJ_20200102
ETB,ETB_20200102
GLR,GLR_20200102
AID,AID_20200102
QND,QND_20200102
GUU,GUU_20200102
PCD,PCD_20200102
OTJ,OTJ_20200102
TSM,TSM_20200102
RTN,RTN_20200102
PPA,PPA_20200102
FLP,FLP_20200102
BGD,BGD_20200102
HLE,HLE_20200102
BNJ,BNJ_20200102
NGK,NGK_20200102
SQA,SQA_20200102
HXD,HXD_20200102
BAR,BAR_20200102
ZBO,ZBO_20200102
UCB,UCB_20200102
KEO,KEO_20200102
GII,GII_20200102
NZE,NZE_20200102
OCM,OCM_20200102
WGN,WGN_20200102
TXF,TXF_20200102
SPA,SPA_20200102
BJW,BJW_20200102
NBN,NBN_20200102
OLL,OLL_20200102
PPF,PPF_20200102
PCQ,PCQ_20200102
AYS,AYS_20200102
DSS,DSS_20200102
PMH,PMH_20200102
PGZ,PGZ_20200102
PQM,PQM_20200102
CUD,CUD_20200102
CLP,CLP_20200102
JOJ,JOJ_20200102
ECI,ECI_20200102
QGQ,QGQ_20200102
QPW,QPW_20200102
QJE,QJE_20200102
XIQ,XIQ_20200102
QQT,QQT_20200102
QJI,QJI_20200102
QFG,QFG_20200102
QRY,QRY_20200102
NPR,NPR_20200102
SMT,SMT_20200102
ENO,ENO_20200102
UZR,UZR_20200102
NYR,NYR_20200102
SUK,SUK_20200102
UKG,UKG_20200102
VHV,VHV_20200102
DEE,DEE_20200102
EKS,EKS_20200102
TLK,TLK_20200102
RDB,RDB_20200102
ION,ION_20200102
EBH,EBH_20200102
ZIS,ZIS_20200102
MYZ,MYZ_20200102
BCU,BCU_20200102
GMO,GMO_20200102
KDA,KDA_20200102
SHO,SHO_20200102
KIY,KIY_20200102
QSI,QSI_20200102
MNS,MNS_20200102
DBC,DBC_20200102
LNL,LNL_20200102
SQD,SQD_20200102
YSQ,YSQ_20200102
JSJ,JSJ_20200102
WMT,WMT_20200102
LLB,LLB_20200102
CDE,CDE_20200102
dayU,dayU_20200102
EJN,EJN_20200102
RHT,RHT_20200102
HUO,HUO_20200102
GMQ,GMQ_20200102
QSZ,QSZ_20200102
CWJ,CWJ_20200102
JMJ,JMJ_20200102
NLH,NLH_20200102
PBQ,PBQ_20200102
WUT,WUT_20200102
NZL,NZL_20200102
SUP,SUP_20200102
RKO,RKO_20200102
PPR,PPR_20200102
TJB,TJB_20200102
KRC,KRC_20200102
NRE,NRE_20200102
NAM,NAM_20200102
DOB,DOB_20200102
SQN,SQN_20200102
AYW,AYW_20200102
BYQ,BYQ_20200102
UOL,UOL_20200102
RAQ,RAQ_20200102
ZBY,ZBY_20200102
DQM,DQM_20200102
BYP,BYP_20200102
LUC,LUC_20200102
YAS,YAS_20200102
WIK,WIK_20200102
DEX,DEX_20200102
NAU,NAU_20200102
FAC,FAC_20200102
NUK,NUK_20200102
VHZ,VHZ_20200102
HHZ,HHZ_20200102
RRR,RRR_20200102
KHZ,KHZ_20200102
TKV,TKV_20200102
TDS,TDS_20200102
TMH,TMH_20200102
NKB,NKB_20200102
AEI,AEI_20200102
KSE,KSE_20200102
NCJ,NCJ_20200102
IST,IST_20200102
SOV,SOV_20200102
ZCO,ZCO_20200102
ASS,ASS_20200102
VDI,VDI_20200102
ISB,ISB_20200102
MHE,MHE_20200102
GIT,GIT_20200102
GID,GID_20200102
RMU,RMU_20200102
CQS,CQS_20200102
